seq,t_wall_s,t_teensy_ms,pitch_deg,pitch_rate_dps,wheel_speed_dps,v_mps,u0_Nm,solve_total_ms,solve_qp_ms,dropped,rebuilt
1,5.1331,108172,-0.5215,-0.4272,0.0000,0.00000,0.16781,70.830,69.997,0,0
2,5.2134,108262,-0.5899,-0.4272,-0.0250,-0.00005,0.21910,58.536,56.777,8,0
3,5.3313,108332,-0.7096,0.1221,0.2687,0.00051,0.22715,102.805,102.039,6,0
4,5.4415,108462,-0.7506,7.2632,6.5250,0.01230,-0.20545,83.883,82.287,12,0
5,5.5044,108562,0.5428,2.6245,12.1188,0.02284,-0.25259,50.661,50.181,9,0
6,5.5507,108622,0.1976,-1.3428,11.4938,0.02167,-0.01107,38.006,37.296,5,0
7,5.6163,108672,-0.2071,-4.0894,3.8437,0.00725,0.23046,51.540,51.023,4,0
8,5.6986,108742,-0.4952,5.5542,-1.4250,-0.00269,-0.21212,62.049,60.784,6,0
9,5.7732,108822,0.0070,2.3804,4.5875,0.00865,-0.16768,53.246,52.024,7,0
10,5.8937,108892,0.5608,-1.0986,1.5500,0.00292,-0.11205,105.132,103.925,6,0
11,6.0149,109042,0.0387,0.9155,-0.0750,-0.00014,-0.10336,75.869,74.264,14,0
12,6.0527,109132,0.2330,0.0000,0.0250,0.00005,-0.07303,27.463,27.041,8,0
13,6.0878,109162,0.1723,0.0610,0.0250,0.00005,-0.06616,31.048,30.625,2,0
14,6.1219,109202,0.0742,0.4883,0.0500,0.00009,-0.07605,30.336,29.880,3,0
15,6.1583,109232,0.0645,0.3052,0.0750,0.00014,-0.06460,32.486,32.068,2,0
16,6.1887,109272,0.1351,0.1221,0.0750,0.00014,-0.05733,26.856,26.213,3,0
17,6.2348,109302,0.1725,0.0610,0.0750,0.00014,-0.05635,40.786,40.304,2,0
18,6.2695,109342,0.1676,0.2441,0.0250,0.00005,-0.06689,30.985,29.906,3,0
19,6.3016,109382,0.1315,0.2441,0.0250,0.00005,-0.06663,28.504,28.104,3,0
20,6.3465,109412,0.1311,0.1831,0.0000,0.00000,-0.06286,36.365,35.523,2,0
21,6.4029,109462,0.1265,0.2441,0.0000,0.00000,-0.06485,49.492,48.558,4,0
22,6.4646,109522,0.1270,0.1831,0.0000,0.00000,-0.06172,45.861,44.347,5,0
23,6.5212,109582,0.1398,0.1831,0.0000,0.00000,-0.06200,49.660,49.231,5,0
24,6.5616,109632,0.1183,0.1831,0.0000,0.00000,-0.06032,34.767,34.295,4,0
25,6.6183,109672,0.1257,0.1831,0.0000,0.00000,-0.06018,48.889,48.490,3,0
26,6.6782,109742,0.1364,0.1831,0.0000,0.00000,-0.06095,43.411,41.687,6,0
27,6.7378,109802,0.1239,0.1831,0.0000,0.00000,-0.06014,43.197,41.821,5,0
28,6.7719,109852,0.1407,0.1831,0.0000,0.00000,-0.06120,29.059,28.660,4,0
29,6.7976,109882,0.1450,0.1831,0.0000,0.00000,-0.06201,22.745,22.334,2,0
30,6.8257,109902,0.1447,0.1831,0.0000,0.00000,-0.06238,26.087,25.675,1,0
31,6.8548,109932,0.1415,0.1831,0.0000,0.00000,-0.06233,25.241,24.838,2,0
32,6.8830,109962,0.1341,0.1831,0.0000,0.00000,-0.06171,25.242,24.848,2,0
33,6.9424,109992,0.1332,0.1831,0.0000,0.00000,-0.06138,54.641,53.669,2,0
34,6.9980,110062,0.1287,0.1831,0.0000,0.00000,-0.06081,38.772,37.914,6,0
35,7.0712,110122,0.1344,0.1831,0.0000,0.00000,-0.06102,57.260,56.282,5,0
36,7.1500,110192,0.1388,0.1221,0.0000,0.00000,-0.05807,60.797,59.603,6,0
37,7.2321,110272,0.1364,0.1831,0.0000,0.00000,-0.06066,63.963,62.603,7,0
38,7.3123,110362,0.1342,0.0000,0.0000,0.00000,-0.05089,56.679,55.636,8,0
39,7.3793,110432,0.1362,0.0000,0.0000,0.00000,-0.04884,49.218,47.754,6,0
40,7.4581,110502,0.1435,0.0000,0.0000,0.00000,-0.04895,63.621,63.128,6,0
41,7.5457,110582,0.1262,0.0000,0.0000,0.00000,-0.04753,66.227,65.103,7,0
42,7.6284,110672,0.1386,0.0000,0.0000,0.00000,-0.04795,59.780,58.514,8,0
43,7.6617,110742,0.1328,0.0000,0.0000,0.00000,-0.04757,26.036,25.640,6,0
44,7.6999,110772,0.1302,0.0000,0.0000,0.00000,-0.04712,34.451,34.014,2,0
45,7.7385,110812,0.1267,0.0000,0.0000,0.00000,-0.04655,29.432,28.509,3,0
46,7.7895,110852,0.1283,0.0000,0.0000,0.00000,-0.04635,46.005,45.073,3,0
47,7.8454,110912,0.1304,0.0000,0.0000,0.00000,-0.04636,42.148,41.724,5,0
48,7.8871,110962,0.1389,0.0000,0.0000,0.00000,-0.04703,34.966,34.150,4,0
49,7.9408,111002,0.1424,0.0000,0.0000,0.00000,-0.04760,46.124,44.713,3,0
50,8.0085,111052,0.1455,0.0000,0.0000,0.00000,-0.04814,57.980,57.120,4,0
51,8.0801,111132,0.1356,0.0000,0.0000,0.00000,-0.04755,53.226,52.570,7,0
52,8.1648,111202,0.1380,0.0000,0.0000,0.00000,-0.04753,66.054,64.478,6,0
53,8.2358,111282,0.1305,0.0000,0.0000,0.00000,-0.04687,55.219,53.988,7,0
54,8.3096,111352,0.1369,0.0000,0.0000,0.00000,-0.04711,62.661,61.731,6,0
55,8.3889,111432,0.1351,0.0000,0.0000,0.00000,-0.04702,59.048,57.668,7,0
56,8.4581,111512,0.1376,0.0000,0.0000,0.00000,-0.04718,48.376,45.835,7,0
57,8.5321,111582,0.1382,0.0000,0.0000,0.00000,-0.04729,55.023,54.044,6,0
58,8.6067,111652,0.1333,0.0000,0.0000,0.00000,-0.04691,60.399,59.823,6,0
59,8.6918,111732,0.1307,0.0000,0.0000,0.00000,-0.04651,62.578,61.554,7,0
60,8.7813,111822,0.1219,0.0000,0.0000,0.00000,-0.04552,65.613,63.820,8,0
61,8.8689,111912,0.1268,0.0000,0.0000,0.00000,-0.04545,62.202,61.274,8,0
62,8.9440,111992,0.1239,0.0000,0.0000,0.00000,-0.04507,54.370,53.834,7,0
63,9.0149,112072,0.1422,0.0000,0.0000,0.00000,-0.04642,51.345,49.987,7,0
64,9.0473,112122,0.1397,0.0000,0.0000,0.00000,-0.04677,27.242,26.786,4,0
65,9.0855,112152,0.1369,0.0000,0.0000,0.00000,-0.04671,35.535,35.026,2,0
66,9.1177,112202,0.1425,0.0000,0.0000,0.00000,-0.04721,25.476,25.028,4,0
67,9.1503,112232,0.1443,0.0000,0.0000,0.00000,-0.04763,28.644,28.246,2,0
68,9.1896,112262,0.1421,0.0000,0.0000,0.00000,-0.04767,36.141,35.536,2,0
69,9.2314,112302,0.1388,0.0000,0.0000,0.00000,-0.04746,36.649,36.194,3,0
70,9.2701,112342,0.1334,0.0000,0.0000,0.00000,-0.04692,30.640,30.171,3,0
71,9.3149,112382,0.1296,0.0000,0.0000,0.00000,-0.04636,40.726,40.339,3,0
72,9.3900,112432,0.1240,0.0000,0.0000,0.00000,-0.04558,65.006,64.017,4,0
73,9.4669,112512,0.1377,0.0000,0.0000,0.00000,-0.04637,57.211,56.078,7,0
74,9.5292,112582,0.1378,0.0000,0.0000,0.00000,-0.04667,50.710,48.833,6,0
75,9.5905,112642,0.1389,0.0000,0.0000,0.00000,-0.04690,51.544,50.877,5,0
76,9.6552,112702,0.1353,0.0000,0.0000,0.00000,-0.04671,55.958,55.006,5,0
77,9.7039,112772,0.1363,0.0000,0.0000,0.00000,-0.04673,38.175,37.353,6,0
78,9.7620,112822,0.1369,0.0000,0.0000,0.00000,-0.04679,47.530,46.272,4,0
79,9.8086,112872,0.1203,0.0000,0.0000,0.00000,-0.04537,39.166,38.598,4,0
80,9.8709,112922,0.1214,0.0000,0.0000,0.00000,-0.04480,51.965,51.311,4,0
81,9.9316,112992,0.1424,0.0000,0.0000,0.00000,-0.04629,43.457,42.437,6,0
82,9.9727,113042,0.1414,0.0000,0.0000,0.00000,-0.04681,33.888,33.198,4,0
83,10.0202,113082,0.1378,0.0000,0.0000,0.00000,-0.04676,41.667,40.949,3,0
84,10.0866,113142,0.1404,0.0000,0.0000,0.00000,-0.04701,52.430,51.541,5,0
85,10.1494,113212,0.1267,0.0000,0.0000,0.00000,-0.04596,47.330,46.771,6,0
86,10.2078,113262,0.1160,0.0000,0.0000,0.00000,-0.04456,48.511,47.907,4,0
87,10.2493,113322,0.1294,0.0000,0.0000,0.00000,-0.04503,30.893,30.184,5,0
88,10.3089,113362,0.1387,0.0000,0.0000,0.00000,-0.04596,48.994,48.111,3,0
89,10.3634,113422,0.1221,0.0000,0.0000,0.00000,-0.04490,43.264,42.124,5,0
90,10.4084,113482,0.1158,0.0000,0.0000,0.00000,-0.04386,36.851,36.246,5,0
91,10.4528,113522,0.1256,0.0000,0.0000,0.00000,-0.04417,38.669,38.225,3,0
92,10.5242,113572,0.1323,0.0000,0.0000,0.00000,-0.04481,57.193,55.963,4,0
93,10.6080,113652,0.1288,0.0000,0.0000,0.00000,-0.04474,62.501,61.364,7,0
94,10.6905,113732,0.1272,0.0000,0.0000,0.00000,-0.04457,60.505,59.676,7,0
95,10.7670,113812,0.1336,0.0000,0.0000,0.00000,-0.04504,57.106,55.420,7,0
96,10.8495,113892,0.1299,0.0000,0.0000,0.00000,-0.04491,60.166,58.963,7,0
97,10.9331,113972,0.1319,0.0000,0.0000,0.00000,-0.04504,66.889,65.757,7,0
98,11.0142,114062,0.1206,0.0000,0.0000,0.00000,-0.04411,56.765,55.133,8,0
99,11.0884,114142,0.1319,0.0000,0.0000,0.00000,-0.04467,53.235,51.882,7,0
100,11.1511,114202,0.1327,0.0000,0.0000,0.00000,-0.04495,51.379,49.732,5,0
101,11.2404,114282,0.1345,0.0000,0.0000,0.00000,-0.04523,67.059,65.694,7,0
102,11.3219,114372,0.1231,0.0000,0.0000,0.00000,-0.04438,56.775,55.571,8,0
103,11.3809,114442,0.1284,0.0000,0.0000,0.00000,-0.04446,42.235,41.372,6,0
104,11.4217,114492,0.1303,0.0000,0.0000,0.00000,-0.04464,34.631,34.175,4,0
105,11.4723,114532,0.1311,0.0000,0.0000,0.00000,-0.04477,44.415,43.967,3,0
106,11.5011,114582,0.1317,0.0000,0.0000,0.00000,-0.04488,21.782,21.370,4,0
107,11.5329,114612,0.1323,0.0000,0.0000,0.00000,-0.04499,28.659,28.252,2,0
108,11.5734,114642,0.1320,0.0000,0.0000,0.00000,-0.04502,34.168,33.747,2,0
109,11.6088,114682,0.1324,0.0000,0.0000,0.00000,-0.04508,31.882,31.481,3,0
110,11.6523,114722,0.1354,0.0000,0.0000,0.00000,-0.04539,35.567,35.118,3,0
111,11.7012,114762,0.1388,0.0000,0.0000,0.00000,-0.04584,45.110,44.725,3,0
112,11.7511,114812,0.1378,0.0000,0.0000,0.00000,-0.04599,42.353,41.767,4,0
113,11.8173,114862,0.1344,0.0000,0.0000,0.00000,-0.04581,56.929,56.000,4,0
114,11.8939,114942,0.1331,0.0000,0.0000,0.00000,-0.04565,57.040,55.910,7,0
115,11.9927,115022,0.1360,0.0000,0.0000,0.00000,-0.04585,76.958,75.118,7,0
116,12.0837,115122,0.1372,0.0000,0.0000,0.00000,-0.04606,62.941,62.085,9,0
117,12.1662,115212,0.1366,0.0000,0.0000,0.00000,-0.04613,58.821,57.212,8,0
118,12.2435,115292,0.1291,0.0000,0.0000,0.00000,-0.04553,55.733,54.275,7,0
119,12.3118,115362,0.1340,0.0000,0.0000,0.00000,-0.04570,53.642,53.079,6,0
120,12.3917,115432,0.1445,0.0000,0.0000,0.00000,-0.04668,61.046,59.536,6,0
121,12.4719,115522,0.1288,0.0000,0.0000,0.00000,-0.04577,52.575,51.256,8,0
122,12.5520,115602,0.1372,0.0000,0.0000,0.00000,-0.04613,53.429,52.107,7,0
123,12.6191,115672,0.1361,0.0000,0.0000,0.00000,-0.04620,50.823,49.729,6,0
124,12.6594,115732,0.1311,0.0000,0.0000,0.00000,-0.04580,30.135,29.321,5,0
125,12.7024,115772,0.1386,0.0000,0.0000,0.00000,-0.04629,35.740,34.902,3,0
126,12.7379,115812,0.1394,0.0000,0.0000,0.00000,-0.04658,31.830,30.988,3,0
127,12.7769,115852,0.1362,0.0000,0.0000,0.00000,-0.04646,32.075,31.223,3,0
128,12.8254,115892,0.1350,0.0000,0.0000,0.00000,-0.04633,42.393,41.942,3,0
129,12.8791,115942,0.1320,0.0000,0.0000,0.00000,-0.04602,44.303,42.890,4,0
130,12.9073,115992,0.1327,0.0000,0.0000,0.00000,-0.04594,23.399,22.342,4,0
131,12.9698,116022,0.1351,0.0000,0.0000,0.00000,-0.04610,55.083,53.939,2,0
132,13.0698,116092,0.1312,0.0000,0.0000,0.00000,-0.04583,81.384,80.555,6,0
133,13.1524,116212,0.1298,0.0000,0.0000,0.00000,-0.04557,48.570,47.337,11,0
134,13.2215,116272,0.1312,0.0000,0.0000,0.00000,-0.04556,55.051,53.799,5,0
135,13.2950,116342,0.1394,0.0000,0.0000,0.00000,-0.04625,55.538,53.882,6,0
136,13.3660,116412,0.1403,0.0000,0.0000,0.00000,-0.04663,56.339,54.606,6,0
137,13.4439,116492,0.1349,0.0000,0.0000,0.00000,-0.04636,57.315,56.326,7,0
138,13.5198,116572,0.1310,0.0000,0.0000,0.00000,-0.04594,55.186,54.189,7,0
139,13.5894,116642,0.1303,0.0000,0.0000,0.00000,-0.04569,54.624,53.700,6,0
140,13.6660,116712,0.1383,0.0000,0.0000,0.00000,-0.04626,59.232,58.112,6,0
141,13.7424,116792,0.1312,0.0000,0.0000,0.00000,-0.04588,53.859,52.024,7,0
142,13.8041,116862,0.1325,0.0000,0.0000,0.00000,-0.04583,48.896,48.142,6,0
143,13.8689,116922,0.1398,0.0000,0.0000,0.00000,-0.04643,49.626,48.708,5,0
144,13.9094,116992,0.1409,0.0000,0.0000,0.00000,-0.04680,26.844,25.437,6,0
145,13.9490,117022,0.1394,0.0000,0.0000,0.00000,-0.04688,34.719,33.922,2,0
146,13.9881,117062,0.1370,0.0000,0.0000,0.00000,-0.04674,33.125,32.723,3,0
147,14.0235,117102,0.1354,0.0000,0.0000,0.00000,-0.04657,32.035,31.637,3,0
148,14.0611,117132,0.1378,0.0000,0.0000,0.00000,-0.04672,30.729,30.199,2,0
149,14.0979,117172,0.1324,0.0000,0.0000,0.00000,-0.04632,29.911,29.124,3,0
150,14.1527,117212,0.1258,0.0000,0.0000,0.00000,-0.04557,49.848,49.381,3,0
151,14.2325,117272,0.1227,0.0000,0.0000,0.00000,-0.04493,68.195,67.405,5,0
152,14.3176,117362,0.1268,0.0000,0.0000,0.00000,-0.04493,61.286,60.266,8,0
153,14.3649,117432,0.1324,0.0000,0.0000,0.00000,-0.04534,35.488,34.592,6,0
154,14.4374,117482,0.1324,0.0000,0.0000,0.00000,-0.04549,59.089,57.739,4,0
155,14.4916,117562,0.1272,0.0000,0.0000,0.00000,-0.04508,35.015,33.863,7,0
156,14.5626,117612,0.1314,0.0000,0.0000,0.00000,-0.04525,56.872,55.767,4,0
157,14.6477,117682,0.1304,0.0000,0.0000,0.00000,-0.04522,67.881,66.664,6,0
158,14.7311,117782,0.1300,0.0000,0.0000,0.00000,-0.04515,57.809,56.669,9,0
159,14.8027,117852,0.1258,0.0000,0.0000,0.00000,-0.04474,56.545,56.065,6,0
160,14.8664,117922,0.1308,0.0000,0.0000,0.00000,-0.04497,46.135,44.515,6,0
161,14.9326,117982,0.1254,0.0000,0.0000,0.00000,-0.04457,54.109,52.939,5,0
162,15.0034,118052,0.1326,0.0000,0.0000,0.00000,-0.04500,59.793,58.887,6,0
163,15.0451,118122,0.1378,0.0000,0.0000,0.00000,-0.04563,26.774,25.972,6,0
164,15.0758,118162,0.1302,0.0000,0.0000,0.00000,-0.04525,23.741,23.298,3,0
165,15.1103,118182,0.1239,0.0000,0.0000,0.00000,-0.04456,30.771,29.803,1,0
166,15.1431,118222,0.1254,0.0000,0.0000,0.00000,-0.04437,27.660,27.219,3,0
167,15.1949,118252,0.1361,0.0000,0.0000,0.00000,-0.04517,46.769,46.324,2,0
168,15.2289,118302,0.1472,0.0000,0.0000,0.00000,-0.04648,28.983,28.053,4,0
169,15.2568,118342,0.1425,0.0000,0.0000,0.00000,-0.04671,23.952,23.526,3,0
170,15.2898,118362,0.1363,0.0000,0.0000,0.00000,-0.04636,29.030,28.541,1,0
171,15.3199,118402,0.1250,0.0000,0.0000,0.00000,-0.04529,25.864,24.749,3,0
172,15.3456,118432,0.1282,0.0000,0.0000,0.00000,-0.04509,22.668,22.277,2,0
173,15.3725,118452,0.1322,0.0000,0.0000,0.00000,-0.04532,22.866,22.460,1,0
174,15.4183,118482,0.1363,0.0000,0.0000,0.00000,-0.04574,39.742,39.285,2,0
175,15.4878,118532,0.1291,0.0000,0.0000,0.00000,-0.04530,56.848,54.813,4,0
176,15.5714,118622,0.1322,0.0000,0.0000,0.00000,-0.04538,57.766,55.741,8,0
177,15.6515,118692,0.1131,0.1221,0.0000,0.00000,-0.05049,60.463,59.927,6,0
178,15.7525,118782,0.1690,0.0610,0.0000,0.00000,-0.05272,79.436,78.713,8,0
179,15.8799,118882,0.4409,0.6714,0.0000,0.00000,-0.17074,104.223,103.043,9,0
180,16.0014,119022,0.6250,-1.8311,-0.0812,-0.00015,-0.08418,85.007,84.297,13,0
181,16.1046,119132,0.4150,-3.6011,-0.0125,-0.00002,0.09218,79.214,77.911,10,0
182,16.1730,119232,-0.3103,-3.0518,0.0000,0.00000,0.22045,48.249,47.151,9,0
183,16.2833,119292,-0.6226,-1.8311,0.1437,0.00027,0.32828,98.410,97.370,5,0
184,16.3641,119412,-0.9439,-0.3662,0.0562,0.00011,0.34439,59.615,59.205,11,0
185,16.4192,119482,-1.0952,1.2817,1.1688,0.00220,0.28422,44.804,44.380,6,0
186,16.4628,119532,-1.1926,6.3477,5.3687,0.01012,-0.01554,37.849,37.350,4,0
187,16.5081,119572,-1.2162,9.2163,11.8312,0.02230,-0.24655,40.247,39.827,3,0
188,16.5718,119622,-0.9799,10.5591,16.9063,0.03187,-0.43904,58.332,57.892,4,0
189,16.6688,119692,-0.3225,8.2397,15.4125,0.02905,-0.49711,82.598,80.787,6,0
190,16.8321,119792,1.8147,-2.9907,-1.5938,-0.00300,-0.40312,142.497,141.416,9,0
191,16.9533,119982,0.0873,-25.5737,-52.6937,-0.09933,1.37203,75.669,74.554,18,0
192,17.0605,120092,-1.3994,-37.8418,-80.9188,-0.15253,3.03422,76.503,75.339,10,0
193,17.1385,120182,-4.4118,20.5078,3.5500,0.00669,0.47589,64.108,63.008,8,0
194,17.2011,120252,-5.9610,112.2437,155.8437,0.29376,-3.52871,54.954,54.534,6,0
195,17.2931,120322,8.8502,83.6182,317.6375,0.59873,-7.53011,78.537,77.538,6,0
196,17.3966,120412,7.2822,-50.2930,127.4000,0.24014,-3.52676,86.929,86.120,8,0
197,17.7284,120542,-9.6633,-306.5186,-690.8437,-1.30221,-3.52676,291.748,290.362,12,0
198,17.7996,120612,-37.1016,-390.7471,-1005.2750,-1.89490,-3.52676,49.532,48.327,6,0
