t,p,v,theta,omega,u,v_command,solve_ms,qp_ms
0.0,0.0018611206189557395,0.019266877673830105,0.007249961412847578,-0.03175312046297332,0.09075433130991127,0.0,193.19389999873238,193.05870000061987
0.2,0.005813117531149612,0.02129613972858882,0.0028751745136349543,-0.01876003817396641,0.02546505903721238,0.0,6.781300000511692,6.635300000198185
0.4,0.009929982576067498,0.02045338319582023,0.0004388603541596994,-0.009370686010369406,0.003819676646859317,0.0,7.872199999837903,7.723700000497047
0.6000000000000001,0.013826816275735747,0.018797994890494572,-0.0007482797562600181,-0.004336540902259885,-0.005552387418072235,0.0,6.9990999982110225,6.859900000563357
0.8,0.017379549971061864,0.01685347556206114,-0.0012689245016950601,-0.001675045770540732,-0.009688301374679286,0.0,6.8990999989182455,6.737300000168034
1.0,0.020549539989151093,0.014887195738666342,-0.0014399280537445054,-0.00029943430155339457,-0.011077680355670522,0.0,6.707000000460539,6.55910000023141
1.2000000000000002,0.023341544168648184,0.013031242825174417,-0.0014332037297838888,0.0003770762189254061,-0.011061627608895333,0.0,6.790800000089803,6.639299999733339
1.4000000000000001,0.025781064805589136,0.01134218708642016,-0.001341868204724411,0.0006775227759074492,-0.010373819920785517,0.0,6.304299999101204,6.135299998277333
1.6,0.027901974525993228,0.009836822099085289,-0.001215672062344884,0.0007795918004697873,-0.009406962193173826,0.0,6.651899999269517,6.45280000026105
1.8,0.02974006675686174,0.008511886090436425,-0.001080558559812825,0.0007804864261114486,-0.00836606355613938,0.0,6.061500000214437,5.927599999267841
2.0,0.03132985293491881,0.007354725157186044,-0.0009494865618107937,0.0007329268624601346,-0.0073537445210572275,0.0,6.056800000806106,5.914800000027753
2.2,0.0327031093174002,0.006348970501155229,-0.0008284067624839404,0.0006651122311073648,-0.006417338769084684,0.0,6.679100000837934,6.529100000989274
2.4000000000000004,0.03388834998764369,0.005477482631212088,-0.0007195514578502901,0.0005917776238982889,-0.0055748220537387375,0.0,6.011400000716094,5.858799999259645
2.6,0.03491077532605751,0.004723807182847024,-0.0006232369080624612,0.0005203113177033418,-0.00482902082517285,0.0,6.491000000096392,6.345100000544335
2.8000000000000003,0.03579245110005532,0.004072829220618013,-0.0005388433464033831,0.00045413280180077106,-0.004175340716511049,0.0,6.526799999846844,6.380800001352327
3.0,0.036552586864985165,0.0035110038858550833,-0.0004653413409817181,0.00039455275604114576,-0.003605919915004554,0.0,6.284400000367896,6.157299998449162
3.2,0.03720784475562539,0.003026370197738943,-0.0004015687804289006,0.0003417924745043937,-0.00311181692321031,0.0,6.484599998657359,6.350400000883383
3.4000000000000004,0.037772643829963856,0.0026084602720305573,-0.00034637153435816627,0.00029553851128488566,-0.0026841235106906444,0.0,6.21569999930216,6.087700001444318
3.6,0.03825944357299275,0.0022481640919233864,-0.00029867025097802906,0.00025524088667851176,-0.00231449507586185,0.0,6.478399998741224,6.35849999889615
3.8000000000000003,0.038679000000211676,0.0019375813306296544,-0.00025748771364220716,0.0002202702843662938,-0.0019953697031248716,0.0,6.786899999497109,6.64620000134164
4.0,0.03904059290724074,0.0016698760904108767,-0.00022195564782357937,0.00018999812841458217,-0.001720024831352704,0.0,6.672299999991083,6.538100000398117
4.2,0.03935222534423645,0.0014391419680038625,-0.00019131127918287324,0.00016383484451387102,-0.001482552755647613,0.0,6.117599999925005,5.9689000008802395
4.4,0.039620797538862766,0.0012402803562610173,-0.00016488920045088702,0.0001412457651831971,-0.00127779880729279,0.0,6.552700000611367,6.437599999117083
4.6000000000000005,0.03985225790261108,0.001068892560170261,-0.00014211149422637396,0.00012175536250865057,-0.001101285480869966,0.0,6.452100000387873,6.306699999186094
4.800000000000001,0.04005173378989648,0.0009211851544682452,-0.00012247762874036634,0.00010494563683134932,-0.0009491345038451195,0.0,6.232800000361749,6.092999999964377
5.0,0.040223644531798115,0.0007938874946933119,-0.00010555486626364152,9.045180886272709e-05,-0.0008179927133666926,0.0,6.410199999663746,6.128999999418738
5.2,0.04037179904066777,0.0006841801138898289,-9.096950648008227e-05,7.795698669629098e-05,-0.0007049643117367999,0.0,6.267500000831205,6.130300000222633
5.4,0.04049948003270752,0.0005896327291922376,-7.839906767962172e-05,6.71866703302697e-05,-0.0006075503384868837,0.0,6.454400001530303,6.3033999995241174
5.6000000000000005,0.04060951667057903,0.0005081506571375561,-6.756539731231714e-05,5.790351634430021e-05,-0.0005235953161967893,0.0,6.3306000010925345,6.199299999934738
5.800000000000001,0.04070434720008858,0.0004379285461032634,-5.8228650716257705e-05,4.990254891673997e-05,-0.00045124060848237456,0.0,6.4770999997563194,6.348099999740953
6.0,0.04078607294913545,0.0003774104537891508,-5.018205536998915e-05,4.3006878805666206e-05,-0.000388883856653154,0.0,6.654700000581215,6.511200001114048
6.2,0.040856504874512714,0.0003252554146048299,-4.324737283488897e-05,3.706392854163046e-05,-0.0003351438182506501,0.0,6.443899999794667,6.284200000663986
6.4,0.040917203681904324,0.00028030775034500736,-3.727097347283996e-05,3.194213186949983e-05,-0.00028882995157775355,0.0,6.873400001495611,6.728899999870919
6.6000000000000005,0.04096951440472292,0.0002415714753528459,-3.2120445642281985e-05,2.7528062990911394e-05,-0.0002489161406562009,0.0,6.433099999412661,6.229300000995863
6.800000000000001,0.041014596206150986,0.00020818823405654413,-2.768166905548315e-05,2.372394791806768e-05,-0.0002145180163552733,0.0,7.192199998826254,7.063600000037695
7.0,0.041053448063733775,0.0001794182847930187,-2.385629012059081e-05,2.0445511631928296e-05,-0.00018487339222635397,0.0,6.268600000112201,6.113200000982033
7.2,0.04108693090509697,0.00015462411008933266,-2.0559544809166897e-05,1.7620118246298587e-05,-0.0001593253932178469,0.0,6.0880000000906875,5.946100000073784
7.4,0.041115786684979096,0.0001332562910810553,-1.771838162999812e-05,1.5185165688472e-05,-0.00013730790991010167,0.0,6.144899998616893,6.01220000135072
7.6000000000000005,0.04114065482613352,0.00011484133353403263,-1.526984357328923e-05,1.3086700835902241e-05,-0.00011833305955296349,0.0,6.0313000012683915,5.9108000004926
7.800000000000001,0.041162086388319474,9.897117596913167e-05,-1.3159673424322969e-05,1.1278225260235604e-05,-0.00010198037805245629,0.0,6.811900000684545,6.670099999610102
8.0,0.041180556279301665,8.529414754517715e-05,-1.1341111682351754e-05,9.719665580983414e-06,-8.788750452029628e-05,0.0,6.534300000566873,6.353099999614642
8.200000000000001,0.041196473778414934,7.350717541541551e-05,-9.773860525755546e-06,8.37648587071816e-06,-7.574215257860613e-05,0.0,6.156600000394974,6.008399999700487
8.4,0.04121019160587159,6.334906892347357e-05,-8.423190909125909e-06,7.218922587505698e-06,-6.527519085305163e-05,0.0,6.091799999921932,5.957699999271426
8.6,0.04122201373877122,5.459473184689761e-05,-7.2591730303035585e-06,6.221325160280639e-06,-5.625467951198929e-05,0.0,5.962900000668014,5.838699999003438
8.8,0.04123220214700497,4.705017444969845e-05,-6.2560131284803194e-06,5.361587659572241e-06,-4.848073081199421e-05,0.0,7.486799999242066,7.2729999992589
9.0,0.04124098259831413,4.054821482233109e-05,-5.391481924695122e-06,4.6206589845433724e-06,-4.17810798215501e-05,0.0,6.620000000111759,6.473600000390434
9.200000000000001,0.04124854966113725,3.4944774258471054e-05,-4.646422043529479e-06,3.982120725278214e-06,-3.600726720498358e-05,0.0,6.5757000011217315,6.42619999962335
9.4,0.04125507101610447,3.011568457889358e-05,-4.004323503115162e-06,3.4318233546799283e-06,-3.103134949966544e-05,0.0,6.263899998884881,6.121599999460159
9.600000000000001,0.04126069117171807,2.5953936656626504e-05,-3.4509578678684597e-06,2.95757269166886e-06,-2.674306399691662e-05,0.0,6.097399998907349,5.92280000091705
9.8,0.04126553466655583,2.2367309173307823e-05,-2.9740629577540006e-06,2.548859690693921e-06,-2.304738540900607e-05,0.0,6.1163000009401,5.982800001220312
10.0,0.04126970882895546,1.9276325062246163e-05,-2.563071127864764e-06,2.1966275707353594e-06,-1.9862420182127672e-05,0.0,6.08999999894877,5.972700000711484
10.200000000000001,0.04127330615533271,1.6612490354497088e-05,-2.2088750974067705e-06,1.8930711248329049e-06,-1.7117591797491873e-05,0.0,7.378500000413624,7.077599999320228
10.4,0.0412764063598349,1.4316776402317576e-05,-1.9036261391368932e-06,1.6314637629400397e-06,-1.4752076848132188e-05,0.0,6.662099998720805,6.51319999997213
10.600000000000001,0.04127907814074867,1.2338311847188625e-05,-1.6405601573552429e-06,1.4060084559034475e-06,-1.2713457237092188e-05,0.0,7.123600000340957,6.991399999606074
10.8,0.041281380702804196,1.0633255347415777e-05,-1.4138478005024725e-06,1.2117092776665263e-06,-1.0956558630802456e-05,0.0,7.23669999933918,7.095599999956903
11.0,0.04128336506910915,9.163824085743062e-06,-1.2184652869746547e-06,1.0442606994061838e-06,-9.44244942892779e-06,0.0,6.673899999441346,6.538300000102026
11.200000000000001,0.041285075211783824,7.897456529607353e-06,-1.0500830817895853e-06,8.999521818388395e-07,-8.137578068019388e-06,0.0,6.216899999344605,6.080400000428199
11.4,0.04128654902635144,6.806090891031536e-06,-9.049699572398791e-07,7.755859528302106e-07,-7.013029543991002e-06,0.0,6.560799998624134,6.382100000337232
11.600000000000001,0.04128781917147552,5.86554329780091e-06,-7.799103115803202e-07,6.684061468576034e-07,-6.04388467597139e-06,0.0,6.258699999307282,6.107299999712268
11.8,0.041288913792652204,5.0549718963701945e-06,-6.721329136296237e-07,5.760377370581997e-07,-5.208667915523242e-06,0.0,6.232399999134941,6.117999999332824
12.0,0.04128985714589408,4.356415011487283e-06,-5.79249494299649e-07,4.964339063493562e-07,-4.488871464057195e-06,0.0,6.1361000007309485,6.004900000334601
12.200000000000001,0.04129067013522583,3.7543931284608715e-06,-4.99201824282767e-07,4.278306915006363e-07,-3.868545153493786e-06,0.0,6.085899998652167,5.968299999949522
12.4,0.0412913707759023,3.2355658783456908e-06,-4.3021610518353764e-07,3.6870789490912005e-07,-3.333943001984988e-06,0.0,6.37540000025183,6.257799999730196
12.600000000000001,0.041291974593613494,2.7884364249783487e-06,-3.707636634256507e-07,3.177553982881038e-07,-2.87321861311583e-06,0.0,6.5745000010792864,6.376799999998184
12.8,0.04129249496852262,2.403096703481471e-06,-3.195270759520162e-07,2.738441311739949e-07,-2.4761626679776902e-06,0.0,6.794900000386406,6.653700000242679
13.0,0.04129294343176085,2.0710078646709817e-06,-2.7537097708725335e-07,2.36001051718367e-07,-2.1339766944137305e-06,0.0,6.763100000171107,6.609899999602931
13.200000000000001,0.04129332992094875,1.7848110603859014e-06,-2.3731689965814077e-07,2.0338758462986756e-07,-1.8390780989745754e-06,0.0,6.19649999862304,6.066200001441757
13.4,0.04129366300040684,1.5381643766875353e-06,-2.0452159286921921e-07,1.752810391319116e-07,-1.5849321424367577e-06,0.0,6.9924999988870695,6.848699998954544
13.600000000000001,0.041293950050934725,1.325602301672798e-06,-1.7625833646927316e-07,1.5105859455034448e-07,-1.3659071344361823e-06,0.0,6.195599999045953,5.958200001259684
13.8,0.0412941974333642,1.1424146137021524e-06,-1.519008371631045e-07,1.301834990183946e-07,-1.17714963934685e-06,0.0,6.604199999856064,6.458099998781108
14.0,0.04129441062951078,9.845420062621889e-07,-1.309093504048197e-07,1.1219317556598475e-07,-1.0144769278242368e-06,0.0,6.616300001041964,6.472299999586539
14.200000000000001,0.04129459436364668,8.484861367154435e-07,-1.1281872005117388e-07,9.668897159881055e-08,-8.742842903155709e-07,0.0,6.749499998477404,6.61249999939173
14.4,0.04129475270718729,7.312321055007845e-07,-9.722807083539566e-08,8.332732524783721e-08,-7.53465159611803e-07,0.0,6.186399999933201,6.055500000002212
14.600000000000001,0.0412948891689108,6.301816482057212e-07,-8.379192525918712e-08,7.181215207897664e-08,-6.493422711879402e-07,0.0,6.946100000277511,6.827499999417341
14.8,0.04129500677271019,5.43095559874713e-07,-7.221254806704255e-08,6.188828419348144e-08,-5.596083372570911e-07,0.0,6.746400000338326,6.606899998587323
15.0,0.04129510812460048,4.680440758571664e-07,-6.223334864691088e-08,5.333581585799608e-08,-4.822749188250035e-07,0.0,6.416099999114522,6.258999999772641
15.200000000000001,0.04129519547046616,4.0336410960213355e-07,-5.363319516340562e-08,4.5965230620980754e-08,-4.1562836338881005e-07,0.0,7.055000000036671,6.828899999163696
15.4,0.041295270745828366,3.4762239992520647e-07,-4.622151444365455e-08,3.9613201560599796e-08,-3.581918314078162e-07,0.0,6.289900000410853,6.087899999329238
15.600000000000001,0.041295335618734615,2.99583750886469e-07,-3.983406901237603e-08,3.413897238255591e-08,-3.0869257107712923e-07,0.0,6.494799999927636,6.349199999021948
15.8,0.04129539152672152,2.5818366082123305e-07,-3.4329317703492925e-08,2.942123809822427e-08,-2.660337145467413e-07,0.0,6.2099999995552935,6.079799999497482
16.0,0.04129543970866959,2.2250473370660402e-07,-2.9585279213979623e-08,2.5355457160615282e-08,-2.292699724984666e-07,0.0,6.733899999744608,6.607299999814131
16.2,0.041295481232255904,1.9175635036750034e-07,-2.5496829087017893e-08,2.185153476843269e-08,-1.9758668697244762e-07,0.0,6.501300000309129,6.346000000121421
16.400000000000002,0.04129551701761307,1.6525714888785757e-07,-2.1973370230465568e-08,1.883182656370241e-08,-1.7028177937182296e-07,0.0,6.0284999999566935,5.879599999389029
16.6,0.04129554785771868,1.4241992614330386e-07,-1.8936825344780202e-08,1.6229418030044404e-08,-1.4675019271932917e-07,0.0,6.707900000037625,6.517499999972642
16.8,0.04129557443596715,1.2273862583492582e-07,-1.631990679399996e-08,1.3986641618324892e-08,-1.2647048400397015e-07,0.0,6.303699999989476,6.1429000015778
17.0,0.0412955973413132,1.0577712459200869e-07,-1.4064625560600309e-08,1.2053799056427372e-08,-1.0899326965336173e-07,0.0,6.340199999613105,6.2152999998943415
17.2,0.041295617081322726,9.115956782821269e-08,-1.2121006245455332e-08,1.038805995467297e-08,-9.393126723828837e-08,0.0,6.055500000002212,5.923599999732687
17.400000000000002,0.04129563409342004,7.856204106787331e-08,-1.044597965083824e-08,8.952512750757426e-09,-8.09507136946714e-08,0.0,6.1552999995910795,6.017799998517148
17.6,0.041295648754580895,6.770539224616189e-08,-9.002428399767299e-09,7.715346741786851e-09,-6.976396932616437e-08,0.0,6.436399999074638,6.291800000326475
17.8,0.04129566138968601,5.8349045883731986e-08,-7.758364441227856e-09,6.649147241568634e-09,-6.012314400295082e-08,0.0,6.537299999763491,6.379200000083074
18.0,0.04129567227872016,5.028567213855196e-08,-6.686220221971059e-09,5.730287980463276e-09,-5.181460395844008e-08,0.0,6.468800000220654,6.3224999994417885
18.2,0.041295681662976445,4.333659245727914e-08,-5.762237802524557e-09,4.938407799814588e-09,-4.4654238112463166e-08,0.0,6.45509999958449,6.323900001007132
18.400000000000002,0.0412956897504032,3.734782028422546e-08,-4.96594239845376e-09,4.255959147506598e-09,-3.8483377792975323e-08,0.0,6.381600000167964,6.253400000787224
18.6,0.041295696720211945,3.218664876026096e-08,-4.27968868054583e-09,3.667819476798964e-09,-3.316528126569957e-08,0.0,6.3694000000396045,6.237700001292978
18.8,0.04129570272684859,2.7738710074353404e-08,-3.6882697654217622e-09,3.1609559970248334e-09,-2.8582103316216286e-08,0.0,6.2978000005387,6.169399999635061
19.0,0.04129570790341587,2.3905441110948316e-08,-3.1785802398945413e-09,2.72413702617519e-09,-2.4632284130337605e-08,0.0,6.40930000008666,6.276699999943958
19.200000000000003,0.04129571236462275,2.060189940333666e-08,-2.7393257506234177e-09,2.3476829755107592e-09,-2.122829853486206e-08,0.0,6.3730999991093995,6.173300000227755
19.400000000000002,0.04129571620932634,1.775488086402825e-08,-2.360772734355405e-09,2.0232518845803113e-09,-1.829471664508732e-08,0.0,6.609300000491203,6.439999999201973
19.6,0.04129571952272249,1.5301297628252997e-08,-2.0345327300836457e-09,1.7436545886152796e-09,-1.5766532406862864e-08,0.0,6.7727000005106675,6.635499999902095
19.8,0.04129572237823367,1.3186780078178398e-08,-1.7533764985115482e-09,1.5026953832477322e-09,-1.3587723076807096e-08,0.0,6.645100000241655,6.412400000044727
20.0,0.04129572483913592,1.1364472018591748e-08,-1.5110738219677592e-09,1.2950348423352333e-09,-1.1710007907393545e-08,0.0,6.238899999516434,6.105599999500555
20.200000000000003,0.041295726959961074,9.793992428503267e-09,-1.3022554465721882e-09,1.1160713362452572e-09,-1.0091778017434137e-08,0.0,6.256599999687751,6.120000000009895
20.400000000000002,0.041295728787705065,8.440540620589958e-09,-1.1222941091417924e-09,9.618391530116072e-10,-8.697174610607396e-09,0.0,8.202799999708077,8.085600000413251
20.6,0.04129573036286938,7.27412507494681e-09,-9.672019960896426e-10,8.289206463631804e-10,-7.495294318753466e-09,0.0,6.532400000651251,6.396799999492941
20.8,0.041295731720358525,6.2688988739876014e-09,-8.33542376923042e-10,7.14370421718467e-10,-6.459504298131967e-09,0.0,7.065599998895777,6.936299998415052
21.0,0.04129573289025347,5.402586939119462e-09,-7.183534524811972e-10,6.156501135895746e-10,-5.5668521917286186e-09,0.0,6.420100000468665,6.283200000325451
21.200000000000003,0.041295733898478244,4.65599242610501e-09,-6.190827227022289e-10,5.305721451980048e-10,-4.797557499051681e-09,0.0,6.765300000552088,6.635600000663544
21.400000000000002,0.04129573476737438,4.0125713194209575e-09,-5.335304176988192e-10,4.5725132002515615e-10,-4.134573276010181e-09,0.0,6.843200000730576,6.686099999569706
21.6,0.04129573551619599,3.458065895437069e-09,-4.5980075804282634e-10,3.940628308700697e-10,-3.5632081317133697e-09,0.0,7.726299998466857,7.577000000310363
21.8,0.0412957361615364,2.9801887145494103e-09,-3.9625995117947127e-10,3.396064725617114e-10,-3.070801099507168e-09,0.0,6.928400000106194,6.7604999985633185
22.0,0.04129573671769591,2.5683503565192042e-09,-3.4149997976779874e-10,2.926755531913485e-10,-2.6464408252564625e-09,0.0,7.7431999998225365,7.3700000011740485
22.200000000000003,0.041295737196998604,2.213424776626003e-09,-2.943074003782239e-10,2.5223013115661814e-10,-2.280723781237061e-09,0.0,8.214899999074987,8.014700000785524
22.400000000000002,0.041295737610065476,1.907547092273358e-09,-2.5363645955760444e-10,2.1737392794744848e-10,-1.965545889941157e-09,0.0,9.259099999326281,9.100699999180506
22.6,0.041295737966049795,1.643939262408452e-09,-2.1858591774129807e-10,1.8733460297469475e-10,-1.693923108369669e-09,0.0,7.556100001238519,7.3818000000756
22.8,0.041295738272839916,1.4167599566553233e-09,-1.8837908369372641e-10,1.6144640860768052e-10,-1.4598363532348359e-09,0.0,6.743899999491987,6.607200000871671
23.0,0.04129573853723408,1.2209750030273385e-09,-1.6234659569655193e-10,1.3913582001519902e-10,-1.2580986514681513e-09,0.0,6.301800000073854,6.1434999988705385
23.200000000000003,0.04129573876509108,1.0522459751068607e-09,-1.399115881908321e-10,1.1990836185371153e-10,-1.0842394247077964e-09,0.0,6.719700000758166,6.586100000276929
23.400000000000002,0.041295738961460056,9.068339565476628e-10,-1.2057691934342864e-10,1.0333798526718885e-10,-9.34406161887071e-10,0.0,7.4035999987245305,7.277400000020862
23.6,0.041295739130692406,7.815167280348814e-10,-1.0391414877778115e-10,8.905748274177208e-11,-8.05278646306675e-10,0.0,6.833100000221748,6.6698999999061925
23.8,0.04129573927653819,6.735173409776011e-10,-8.955404295668719e-11,7.675043432836361e-11,-6.939955577597881e-10,0.0,7.488400000511319,7.271500000570086
24.0,0.041295739402229255,5.804426000195387e-10,-7.717838980077442e-11,6.614414442537614e-11,-5.980909341881672e-10,0.0,7.090099999913946,6.818700001531397
24.200000000000003,0.04129573951055081,5.002300407754901e-10,-6.651295025125667e-11,5.700357735152798e-11,-5.154395521223171e-10,0.0,6.4056000010168646,6.256999999095569
24.400000000000002,0.04129573960390318,4.3110223223710407e-10,-5.732138851156004e-11,4.9126121528681676e-11,-4.442098648441363e-10,0.0,6.658199999947101,6.516199999168748
24.6,0.041295739684355,3.7152733429306754e-10,-4.940002919608101e-11,4.233727747596689e-11,-3.8282360206969625e-10,0.0,6.8126000005577225,6.507900001452072
24.8,0.04129573975368902,3.201852070474734e-10,-4.257333774339976e-11,3.64866186952484e-11,-3.2992044480341205e-10,0.0,6.306800001766533,6.174600001031649
25.0,0.041295739813441625,2.7593816106642177e-10,-3.669003994626806e-11,3.1444451270321656e-11,-2.8432803772178277e-10,0.0,6.828999999925145,6.578899998203269
25.200000000000003,0.0412957398649369,2.378057023428532e-10,-3.161976717563096e-11,2.7099084379801998e-11,-2.4503616783945176e-10,0.0,6.304799999270472,6.1707999993814155
25.400000000000002,0.04129573990931593,2.0494285364828704e-10,-2.7250166723669908e-11,2.3354189321296062e-11,-2.1117409354756581e-10,0.0,6.63659999918309,6.3950999992812285
25.6,0.04129573994756214,1.7662138391098803e-10,-2.3484411922754944e-11,2.012682450378219e-11,-1.819915321066119e-10,0.0,7.062799999403069,6.695400001262897
25.8,0.04129573998052302,1.522137130499257e-10,-2.0239054374222182e-11,1.7345460309023342e-11,-1.5684176434393075e-10,0.0,6.478599998445134,6.325100001049577
26.0,0.04129574000892897,1.3117898513437764e-10,-1.7442178318189405e-11,1.494846558063997e-11,-1.351674922867771e-10,0.0,6.588999998712097,6.348500000967761
26.200000000000003,0.04129574003340945,1.130510935903414e-10,-1.503180785359423e-11,1.288270161833926e-11,-1.1648840737105536e-10,0.0,7.411700000375276,7.2338000009040115
26.400000000000002,0.041295740054506924,9.742833151571583e-11,-1.2954532039009466e-11,1.110241243914405e-11,-1.0039063947250369e-10,0.0,6.782299999031238,6.637000000409898
26.6,0.041295740072688894,8.396450953686572e-11,-1.1164319404610549e-11,9.56814749407738e-12,-8.651745782380021e-11,0.0,6.260199999815086,6.115700000009383
26.8,0.041295740088358256,7.236127852983878e-11,-9.621499395226015e-12,8.245911493872963e-12,-7.45614412094148e-11,0.0,9.365300000354182,9.225700001479709
27.0,0.04129574010186224,6.236152390883206e-11,-8.291884432266886e-12,7.106390937610399e-12,-6.425763636829698e-11,0.0,6.578399999852991,6.302199999481672
27.200000000000003,0.04129574011350008,5.3743651939995066e-11,-7.146010426546195e-12,6.124359899494955e-12,-5.537775034900764e-11,0.0,6.71169999986887,6.572100000994396
27.400000000000002,0.04129574012352966,4.631671445022802e-11,-6.158487863293756e-12,5.2779975282704655e-12,-4.772494202664894e-11,0.0,6.719000000884989,6.566899999597808
27.6,0.041295740132173235,3.991610943139e-11,-5.307433884504409e-12,4.5486353179882416e-12,-4.112976690514777e-11,0.0,6.948299998839502,6.793399999878602
27.8,0.04129574013962234,3.440002598226455e-11,-4.573988829907914e-12,3.920034641908484e-12,-3.544593398992564e-11,0.0,6.5300999995088205,6.379899999956251
28.0,0.04129574014604204,2.964621666536153e-11,-3.941901631315541e-12,3.378314208094229e-12,-3.054760539542416e-11,0.0,6.521799999973155,6.359900000461494
28.200000000000003,0.041295740151574584,2.55493408084179e-11,-3.3971632925034163e-12,2.9114673876658776e-12,-2.6326190153158768e-11,0.0,6.391699998857803,6.2462999994750135
28.400000000000002,0.041295740156342575,2.2018621731186714e-11,-2.927702367358807e-12,2.509129028114332e-12,-2.2688118878485356e-11,0.0,6.777500000680448,6.638000000748434
28.6,0.04129574016045166,1.8975821459986647e-11,-2.523117070987274e-12,2.1623856601706715e-12,-1.9552796595259055e-11,0.0,6.705200001306366,6.520099999761442
28.8,0.04129574016399291,1.635350983870376e-11,-2.1744417872004083e-12,1.8635681356304256e-12,-1.685076073588137e-11,0.0,6.4913000005617505,6.357799999022973
29.0,0.04129574016704478,1.4093586352626086e-11,-1.8739509294305743e-12,1.6060276909022048e-12,-1.4522101403733123e-11,0.0,6.6931999990629265,6.5389999999752035
29.200000000000003,0.04129574016967491,1.2145960303548122e-11,-1.6149853753138007e-12,1.3840992382421564e-12,-1.251527910062562e-11,0.0,6.592599998839432,6.443700000090757
29.400000000000002,0.04129574017194158,1.046748516074058e-11,-1.391805749648935e-12,1.19282807169635e-12,-1.0785749957349916e-11,0.0,7.019399999990128,6.863300000986783
29.6,0.041295740173895014,9.020967282489602e-12,-1.199468993341246e-12,1.0279742912332222e-12,-9.295225693584644e-12,0.0,6.784400000469759,6.627499999012798
29.8,0.041295740175578494,7.774340170312188e-12,-1.033712235032781e-12,8.859240586697921e-13,-8.01071899401164e-12,0.0,6.963499999983469,6.812300000092364
30.0,0.04129574017702933,6.699993834116407e-12,-8.908627057311692e-13,7.63477638158732e-13,-6.903683951966618e-12,0.0,7.083099999363185,6.920399999216897
30.200000000000003,0.04129574017827968,5.774099473049162e-12,-7.677532551265844e-13,6.57996676216476e-13,-5.949695887941909e-12,0.0,7.2636000004422385,7.115999998859479
30.400000000000002,0.04129574017935724,4.976167232197275e-12,-6.61655367781879e-13,5.670548606828071e-13,-5.1274630021655566e-12,0.0,7.405399999697693,7.252800000060233
30.6,0.041295740180285895,4.288501513200864e-12,-5.702211614033711e-13,4.88683550820509e-13,-4.418894043035959e-12,0.0,7.2142999997595325,7.081699999616831
30.8,0.041295740181086206,3.695856702795879e-12,-4.914216042169493e-13,4.211698030410772e-13,-3.80826846996273e-12,0.0,6.61729999956151,6.477599999925587
31.0,0.041295740181775925,3.185114756178854e-12,-4.235093110471176e-13,3.6297454897375787e-13,-3.2819814580389287e-12,0.0,6.571199999598321,6.437699999878532
31.200000000000003,0.04129574018237033,2.744962843390039e-12,-3.649831706143321e-13,3.127932733677588e-13,-2.8284047593940885e-12,0.0,6.696200000078534,6.561800000781659
31.400000000000002,0.04129574018288259,2.365629533715951e-12,-3.1454661212444134e-13,2.6956877964096724e-13,-2.4375636856315873e-12,0.0,6.306000001131906,6.172399998831679
31.6,0.041295740183324055,2.038714337374807e-12,-2.7107929135481926e-13,2.323234770890333e-13,-2.1007232764669655e-12,0.0,6.628299999647425,6.490900001153932
31.8,0.04129574018370452,1.7569777906441923e-12,-2.336181274747554e-13,2.0021912610351026e-13,-1.8104160091420425e-12,0.0,6.273200000578072,6.133999999292428
32.0,0.041295740184032405,1.5141737958770155e-12,-2.0133311670605543e-13,1.725574017882069e-13,-1.5602325803545855e-12,0.0,6.548299999849405,6.419800000003306
32.2,0.04129574018431498,1.3049266575012485e-12,-1.735090023668544e-13,1.487117100401598e-13,-1.3446065863211332e-12,0.0,6.483200000729994,6.333200000881334
32.4,0.0412957401845585,1.1246000595009552e-12,-1.495307874290715e-13,1.2815100416447087e-13,-1.1587758385420035e-12,0.0,6.289599999945494,6.157100000564242
32.6,0.04129574018476837,9.691911375784574e-13,-1.288672563473116e-13,1.1043895406186806e-13,-9.986478888058332e-13,0.0,6.819700000050943,6.650400000580703
32.800000000000004,0.04129574018494924,8.352523047068599e-13,-1.1105778049100548e-13,9.51968631552527e-14,-8.60660063216479e-13,0.0,6.385700000464567,6.225899998753448
33.0,0.041295740185105116,7.198408324219029e-13,-9.571132430227554e-14,8.199987667124813e-14,-7.416691343308198e-13,0.0,6.428899998354609,6.282899999860092
33.2,0.041295740185239446,6.203564233404126e-13,-8.24868585716006e-14,7.06954547202275e-14,-6.392475280398348e-13,0.0,6.476799999290961,6.3331000001198845
33.4,0.041295740185355215,5.346316378739602e-13,-7.108921278026726e-14,6.090663315493078e-14,-5.508802631789311e-13,0.0,6.307300000116811,6.176000000778004
33.6,0.04129574018545499,4.607385953973838e-13,-6.12659769412777e-14,5.251664475427657e-14,-4.748011985295059e-13,0.0,6.002199999784352,5.858399999851827
33.800000000000004,0.04129574018554097,3.970682484208796e-13,-5.279894109592312e-14,4.524736860098605e-14,-4.091540087658521e-13,0.0,5.975799998850562,5.834999999933643
34.0,0.04129574018561507,3.421892930251265e-13,-4.550162023998764e-14,3.901061573348759e-14,-3.526313265611465e-13,0.0,6.777900000088266,6.654200000411947
34.2,0.04129574018567893,2.948995953686261e-13,-3.921092421283314e-14,3.3624448254112185e-14,-3.0387722499406e-13,0.0,6.240700000489596,6.108999999923981
34.4,0.04129574018573396,2.541580919285994e-13,-3.379210329785639e-14,2.894357318543551e-14,-2.618388711891507e-13,0.0,6.303099999058759,6.169199999931152
34.6,0.04129574018578139,2.1902713729884813e-13,-2.912221936278437e-14,2.4976901905784588e-14,-2.257130461297871e-13,0.0,6.278100001509301,6.146699999590055
34.800000000000004,0.041295740185822265,1.8876648778699326e-13,-2.5096241678029586e-14,2.1508756514606127e-14,-1.9447182801717334e-13,0.0,6.27619999977469,6.146699999590055
35.0,0.04129574018585749,1.6268615889416228e-13,-2.162893125893229e-14,1.8526290969626397e-14,-1.6760035026793186e-13,0.0,6.081200001062825,5.941399998846464
35.2,0.041295740185887844,1.4020215495469078e-13,-1.864044991811568e-14,1.5979991400235693e-14,-1.4446499683625686e-13,0.0,6.0154000002512475,5.890299999009585
35.4,0.04129574018591401,1.2082949242529853e-13,-1.6063750114809213e-14,1.3771685406608768e-14,-1.244878838001729e-13,0.0,7.304599999770289,7.138999999369844
35.6,0.04129574018593656,1.0413555749133426e-13,-1.3843388525414918e-14,1.1865558139271874e-14,-1.0727758520053321e-13,0.0,7.042700000965851,6.897799999933341
35.800000000000004,0.04129574018595599,8.974943269366531e-14,-1.1930590031389801e-14,1.0220430503187554e-14,-9.24497129799407e-14,0.0,6.997399999818299,6.849899998996989
36.0,0.04129574018597274,7.734921902638171e-14,-1.0282594179264797e-14,8.808033700724098e-15,-7.968214722600261e-14,0.0,6.450700000641518,6.2882999991416
36.2,0.04129574018598718,6.665961280569923e-14,-8.861566910805548e-15,7.599754265363665e-15,-6.868097533307285e-14,0.0,8.485300000756979,8.299600000100327
36.4,0.041295740185999616,5.744868787489867e-14,-7.635549999142651e-15,6.556360804274375e-15,-5.918260723201924e-14,0.0,6.414399998902809,6.279299999732757
36.6,0.04129574018601034,4.9519598644894374e-14,-6.580137781599642e-15,5.629879577333634e-15,-5.0974021823872324e-14,0.0,6.571500000063679,6.443399999625399
36.800000000000004,0.04129574018601959,4.267826196000339e-14,-5.6719038196587686e-15,4.8569777841604294e-15,-4.395536630565418e-14,0.0,6.622799999604467,6.47699999899487
37.0,0.04129574018602756,3.6780209949114144e-14,-4.8878030624578844e-15,4.1965845603188955e-15,-3.788900884904782e-14,0.0,6.904099998791935,6.7710000002989545
37.2,0.04129574018603443,3.1702241684155454e-14,-4.2114711361350844e-15,3.6126328193252454e-15,-3.263577751333538e-14,0.0,6.262899998546345,6.125899999460671
37.4,0.04129574018604035,2.732480670745892e-14,-3.6286542494322556e-15,3.1168199591874496e-15,-2.8126115220582215e-14,0.0,6.181999999171239,6.05840000025637
37.6,0.04129574018604545,2.35585549029681e-14,-3.127550519604488e-15,2.6691377986425284e-15,-2.421964922731173e-14,0.0,6.3200999993568985,6.185599999298574
37.800000000000004,0.04129574018604985,2.0306892623681372e-14,-2.6972882799191812e-15,2.2988538474467e-15,-2.089467403462616e-14,0.0,6.0945000004721805,5.967000000964617
38.0,0.041295740186053635,1.7499016452868696e-14,-2.3255989947072493e-15,1.9928294413873805e-15,-1.8029612544303385e-14,0.0,6.371600000420585,6.260299998757546
38.2,0.0412957401860569,1.5082196805750625e-14,-2.00435132317572e-15,1.71643342504852e-15,-1.5531254522217797e-14,0.0,6.620300000577117,6.487799999376875
38.400000000000006,0.04129574018605972,1.2995061580509475e-14,-1.7262306588605282e-15,1.4948665903403158e-15,-1.3395923646041055e-14,0.0,6.949999999051215,6.795299999794224
38.6,0.04129574018606214,1.1206106611854292e-14,-1.48628563909222e-15,1.275641122819759e-15,-1.1510643896127198e-14,0.0,6.664299999101786,6.511100000352599
38.800000000000004,0.04129574018606423,9.664755622005836e-15,-1.2817040764427435e-15,1.0865450056442323e-15,-9.917697018062917e-15,0.0,6.379299999025534,6.23509999968519
39.0,0.041295740186066035,8.329488092830174e-15,-1.1059401717213804e-15,9.429001322289142e-16,-8.572033372177778e-15,0.0,8.935699999710778,8.718500001123175
39.2,0.041295740186067596,7.175943552257777e-15,-9.526678486366053e-16,8.268475946893971e-16,-7.397593229648736e-15,0.0,6.721199999446981,6.576499999937369
39.400000000000006,0.04129574018606894,6.19111567286761e-15,-8.207322661312847e-16,6.965370095179064e-16,-6.34603405870467e-15,0.0,6.300500001088949,6.165499999042368
39.6,0.041295740186070094,5.332469915465807e-15,-7.067352283581472e-16,6.197214930875805e-16,-5.497113547845191e-15,0.0,6.032299999787938,5.900600001041312
39.800000000000004,0.041295740186071093,4.6044584868576966e-15,-6.084569535518968e-16,5.150414565652068e-16,-4.699290795913323e-15,0.0,6.376499999532825,6.26410000040778
40.0,0.04126322662626368,-0.00035527417828713667,0.00012640820978599793,0.0014595631972632484,-0.0008224867786492583,0.1,6.2796999991405755,6.164499998703832
40.2,0.0412135929790897,-0.00021410917825653711,0.00043278382120163735,0.002077980509085732,0.0014935565693631769,0.1,6.526499999381485,6.394900001396309
40.400000000000006,0.041248022575246915,0.0004707083926745225,0.0008006043600333791,0.0021690325811464847,0.0044132543097552684,0.1,8.205800000723684,8.0761999997776
40.6,0.04146873467714975,0.0016501416251011674,0.001162444989201782,0.0020089339172361543,0.007292213276410784,0.1,7.686200000534882,7.5392999988252996
40.800000000000004,0.04196718519069254,0.0032568958300330025,0.0014873624443225006,0.001742701838411173,0.009887399890591878,0.1,6.849900000815978,6.703999999444932
41.0,0.04282140732003363,0.0052194943317086,0.0017634735101061294,0.0014453944937446034,0.012104291371430438,0.1,6.266600001254119,6.111099999543512
41.2,0.04409566171381165,0.007469361429507875,0.0019886542000789775,0.0011546379596352845,0.01392476268283877,0.1,6.234599999515922,6.105300000854186
41.400000000000006,0.0458412297640418,0.00994414310994057,0.0021655499902397115,0.0008878764111113525,0.01536845410570886,0.1,6.039600000804057,5.8963999999832595
41.6,0.04809771256968491,0.012588891519385158,0.002298899012509175,0.0006518283724954756,0.016471692628588257,0.1,6.421000000045751,6.278200000451761
41.800000000000004,0.05089448648617443,0.015356143878975829,0.0023941238858493654,0.0004476786992846926,0.017276358602770818,0.1,6.103200001234654,5.9856999996554805
42.0,0.05425213816463399,0.018205473042445207,0.0024566173748241664,0.00027389782434622534,0.017824239039126333,0.1,6.459199999881093,6.34379999974044
42.2,0.058183796099960036,0.021102812481258948,0.0024914036235206987,0.00012775906529751552,0.01815433552896141,0.1,6.257900000491645,6.066600000849576
42.400000000000006,0.06269632553139845,0.024019717006516856,0.002502999948879249,6.1370617452372045e-06,0.018301758517114464,0.1,6.203900000400608,6.058699998902739
42.6,0.06779137955736868,0.026932639317256063,0.002495382954102173,-9.40861377517685e-05,0.018297445245175306,0.1,6.3408000005438225,6.208200000401121
42.800000000000004,0.07346631211590976,0.029822259723019946,0.0024720065890924724,-0.0001758273600468499,0.018168288776544323,0.1,6.389099999069003,6.252400000448688
43.0,0.07971496426145597,0.032672883731841754,0.0024358439198046244,-0.0002417222698107846,0.017937455885451786,0.1,6.503700000394019,6.363899999996647
43.2,0.08652833723985796,0.03547191037315247,0.002389437586221496,-0.0002941050845376575,0.017624775569739314,0.1,6.964999998672283,6.827100000009523
43.400000000000006,0.09389516598083841,0.03820936780903393,0.0023349512677157736,-0.00033501722784692184,0.017247135800011477,0.1,6.3746000014361925,6.229699998584692
43.6,0.10180240583702245,0.04087751083209345,0.0022742184499260215,-0.00036622983404637974,0.016818860846090158,0.1,6.449399999837624,6.314199999906123
43.800000000000004,0.11023564424548923,0.04347047362799348,0.002208786849794652,-0.00038927137628675876,0.016352055283364912,0.1,6.210300000020652,6.076900001062313
44.0,0.11917944769362353,0.04598397121201375,0.002139957991687648,-0.00040545602608895934,0.01585691065589534,0.1,6.675900000118418,6.531400000312715
44.2,0.12861765310669868,0.048415043351988096,0.002068821992925602,-0.0004159106080003708,0.015341975144512854,0.1,6.3188999993144535,6.156700001156423
44.400000000000006,0.1385336116007483,0.05076183536311421,0.001996287883048082,-0.00042159921436191877,0.014814388689850964,0.1,6.451100000049337,6.299399999988964
44.6,0.14891039148608853,0.05302341078161842,0.0019231098883489644,-0.0004233451772460428,0.014280086879552005,0.1,6.184700001540477,6.029199999829871
44.800000000000004,0.1597309464694674,0.05519959153056597,0.001849910137892178,-0.00042185041563497575,0.013743977115931156,0.1,6.451200000810786,6.313199999567587
45.0,0.1709782541812544,0.05729082175277249,0.0017771982308852447,-0.00041771232834615646,0.013210090462581656,0.1,6.366100000377628,6.1516999994637445
45.2,0.18263542943880778,0.05929805199144802,0.0017053880703487678,-0.00041143846562189876,0.012681712302484638,0.1,6.048499999451451,5.923000000620959
45.400000000000006,0.1946858160370612,0.06122264084691626,0.0016348123263320022,-0.00040345922781331173,0.012161494619806314,0.1,6.108699999458622,5.97609999931592
45.6,0.2071130603212669,0.06306627163012195,0.0015657348495751856,-0.00039413883171379727,0.011651552390854294,0.1,6.222300000445102,5.992099999275524
45.800000000000004,0.21990116933418946,0.06483088187532851,0.0014983613164606714,-0.00038378476652069227,0.011153546260040828,0.1,8.740199999010656,8.477600000333041
46.0,0.23303455593128997,0.06651860387076673,0.0014328483495988345,-0.0003726559388458166,0.010668753394308879,0.1,7.386299999780022,7.195000000137952
46.2,0.24649807291405415,0.06813171462237444,0.0013693113258500746,-0.000360969683128539,0.010198128157510613,0.1,6.659599999693455,6.507100000817445
46.400000000000006,0.2602770379361063,0.06967259388718793,0.0013078310549337014,-0.00034890779190910326,0.009742354024320433,0.1,6.3979999995353865,6.254699999772129
46.6,0.2743572506825662,0.07114368910396109,0.0012484594867516983,-0.0003366217004282697,0.009301887959404181,0.1,7.207800001197029,7.062200000291341
46.800000000000004,0.2887250036045714,0.07254748621325446,0.0011912245838090957,-0.00032423694217896537,0.008876998319075107,0.1,6.570300000021234,6.40439999915543
47.0,0.30336708730307155,0.07388648550110896,0.0011361344762734465,-0.00031185697630999563,0.008467797186671474,0.1,6.55670000014652,6.386299999576295
47.2,0.318270791494658,0.07516318172261119,0.0010831810009284397,-0.00029956647404390246,0.00807426792666936,0.1,6.344400000671158,6.205699999554781
47.400000000000006,0.33342390235363617,0.0763800478668657,0.00103234271121367,-0.0002874341393242757,0.007696288633550781,0.1,6.118199999036733,5.97379999999248
47.6,0.34881469690562056,0.07753952201545516,0.0009835874334104637,-0.000275515128559993,0.0073336520574224535,0.1,6.208999999216758,6.074199998693075
47.800000000000004,0.3644319350458916,0.0786439968244099,0.0009368744335735135,-0.00026385312537619346,0.006986082507297934,0.1,6.032200000845478,5.881400000362191
48.0,0.38026484966825114,0.0796958112267738,0.0008921562507931927,-0.0002524821185518229,0.006653250163086545,0.1,7.036999999399995,6.720200000927434
48.2,0.39630313531511335,0.08069724401054905,0.0008493802446054952,-0.00024142792465571723,0.006334783167125574,0.1,6.253700001252582,6.126599999333848
48.400000000000006,0.4125369356953278,0.08165050897642123,0.0008084898976752953,-0.00023070949112936716,0.00603027781421142,0.1,6.211899999470916,6.084700000428711
48.6,0.4289568303612413,0.08255775142233923,0.0007694259091152607,-0.00022034001061431614,0.005739307114427871,0.1,6.418000000849133,6.291300000157207
48.800000000000004,0.44555382078946976,0.0834210457387042,0.0007321271088393772,-0.00021032787303559147,0.005461427964575,0.1,6.345899999359972,6.1606999988725875
49.0,0.4623193160696529,0.08424239392945124,0.0006965312190762243,-0.00020067747827713124,0.005196187130887828,0.1,6.404699999620789,6.260000000111177
49.2,0.47924511837114303,0.0850237249013947,0.0006625754854871203,-0.00019138992910419476,0.004943126217192374,0.1,6.0415999996621395,5.915800000366289
49.400000000000006,0.4963234083283034,0.08576689438747376,0.0006301971971667233,-0.0001824636212516325,0.00470178576809172,0.1,7.139499999539112,6.9957000014255755
49.6,0.5135467304601526,0.08647368538951533,0.0005993341120766338,-0.00017389474524654933,0.004471708635639703,0.1,6.630100000620587,6.475299998783157
49.800000000000004,0.5309079787188735,0.08714580904327428,0.0005699248021156982,-0.0001656777124946626,0.004252442719748824,0.1,6.596000001081848,6.466200000431854
50.0,0.5484003822436797,0.08778490582322318,0.000541908930011204,-0.00015780551641901043,0.004043543176934688,0.1,6.778599999961443,6.625199999689357
50.2,0.5660174913812465,0.08839254701717633,0.0005152274684773202,-0.00015027003792834632,0.0038445741785125467,0.1,6.876499999634689,6.734399999913876
50.400000000000006,0.5837531640209763,0.08897023641164203,0.0004898228705925486,-0.00014306230319485313,0.003655110287773579,0.1,7.475099999282975,7.320200000322075
50.6,0.6016015522824439,0.08951941213805802,0.000465639199062002,-0.00013617270060979278,0.003474737515702888,0.1,8.007599999473314,7.5077000001329
50.800000000000004,0.6195570895831589,0.09004144863798651,0.0004426222209247974,-0.00012959116281332714,0.003303054106210833,0.1,6.773299999622395,6.633900000451831
51.0,0.6376144781070601,0.09053765871212624,0.00042071947331642523,-0.00012330731887630429,0.003139671094494717,0.1,6.561199999850942,6.414800000129617
51.2,0.6557686766876825,0.09100929562378801,0.0003998803050788492,-0.00011731062099089654,0.002984212675794338,0.1,6.771300000764313,6.598399999347748
51.400000000000006,0.6740148891145465,0.09145755523242681,0.00038005589830928684,-0.00011159044941652391,0.00283631641636856,0.1,6.345699999656063,6.1981999988347525
51.6,0.6923485528668459,0.09188357813703982,0.00036119927333553686,-0.00010613619889810518,0.0026956333338375438,0.1,7.3439999996480765,7.1934999996301485
51.800000000000004,0.7107653282748158,0.09228845181283203,0.0003432652800878639,-0.00010093734931896498,0.0025618278700172744,0.1,6.090400000175578,5.9363000000303145
52.0,0.7292610881061442,0.09267321272760565,0.0003262105783932161,-9.598352295540555e-05,0.0024345777759203118,0.1,6.818899999416317,6.676000000879867
52.2,0.7478319075723256,0.09303884842692663,0.0003099936093361143,-9.126453037015553e-05,0.0023135739256462937,0.1,6.785199999285396,6.612700000914629
52.400000000000006,0.76647405474788,0.09338629957932008,0.0002945745595034775,-8.677040668404658e-05,0.0021985200733326813,0.1,6.290799999987939,6.144200000562705
52.6,0.7851839813937934,0.09371646197460932,0.0002799153196505439,-8.249143972073776e-05,0.002089132565171131,0.1,7.3451999996905215,7.1792999988247175
52.800000000000004,0.803958314175307,0.09403018847008529,0.00026597943908479745,-7.841819130373394e-05,0.001985140016624629,0.1,6.712999998853775,6.551300000865012
53.0,0.822793846263248,0.09432829088051613,0.0002527320768593549,-7.454151279870456e-05,0.0018862829633826156,0.1,6.762899998648209,6.607100000110222
53.2,0.8416875293074041,0.094611541809119,0.00024013995069142071,-7.08525558384904e-05,0.001792313493229133,0.1,6.158599999253056,5.99069999952917
53.400000000000006,0.8606364657699578,0.09488067641754475,0.00022817128437117499,-6.734277902821755e-05,0.0017029948648248066,0.1,6.369799999447423,6.242499999643769
53.6,0.8796379016066813,0.0951363941337019,0.00021679575429818737,-6.400395131412728e-05,0.0016181011184118637,0.1,6.469800000559189,6.209400000443566
53.800000000000004,0.8986892192834179,0.09537936029688829,0.00020598443567284764,-6.082815259808409e-05,0.001537416682595443,0.1,6.206600000950857,6.075999999666237
54.0,0.917787931115323,0.09561020774022763,0.000195709748777176,-5.780777209103867e-05,0.0014607359806273483,0.1,6.174099999043392,6.026799999744981
54.2,0.936931672916376,0.09582953831084298,0.0001859454057000403,-5.4935504828263274e-05,0.001387863039006067,0.1,6.314300000667572,5.925199999182951
54.400000000000006,0.9561181979467974,0.09603792432855052,0.00017666635779425377,-5.2204346703503286e-05,0.0013186111006760087,0.1,6.525600001623388,6.1956999998074025
54.6,0.975345371146185,0.09623590998413939,0.0001678487440959682,-4.960758832375919e-05,0.0012528022446639182,0.1,6.272799999351264,6.108199999289354
54.800000000000004,0.9946111636404221,0.09642401267852868,0.0001594698408883278,-4.713880794237225e-05,0.0011902670136160766,0.1,6.348999999318039,6.224599999768543
55.0,1.0139136475106814,0.096602724304266,0.0001515080125503708,-4.479186368592765e-05,0.0011308440503757591,0.1,6.3319000000774395,6.198999999469379
55.2,1.0332509908131555,0.09677251247096526,0.00014394266379790316,-4.2560885255044914e-05,0.0010743797444722153,0.1,6.860900000901893,6.718699998600641
55.400000000000006,1.0526214528384747,0.09693382167638011,0.0001367541933939364,-4.044026525536616e-05,0.0010207278891717713,0.1,6.698299999698065,6.555199999638717
55.6,1.0720233796001133,0.09708707442487555,0.00012992394938210372,-3.842465028161893e-05,0.0009697493495389073,0.1,7.413499999529449,7.2689000007812865
55.800000000000004,1.091455199541451,0.09723267229510608,0.0001234341858763577,-3.650893186405574e-05,0.0009213117418113144,0.1,8.404599999266793,8.246600000347826
56.0,1.1109154194515085,0.09737099695873072,0.00011726802142336253,-3.468823736301331e-05,0.0008752891242493235,0.1,7.094599999618367,6.954500000574626
56.2,1.1304026205797528,0.09750241115200266,0.00011140939894014852,-3.2957920885698985e-05,0.0008315616995186392,0.1,8.594399998401059,8.441900001344038
56.400000000000006,1.149915454940727,0.0976272596020625,0.00010584304721827326,-3.131355428185592e-05,0.0007900155285684774,0.1,10.024700000940356,9.815499999604071
56.6,1.1694526417996287,0.09774586990974678,0.00010055444397655742,-2.975091826758593e-05,0.0007505422559014183,0.1,8.063799999945331,7.6967000004515285
56.800000000000004,1.189012964330314,0.09785855339069477,9.552978043689364e-05,-2.8265993715479235e-05,0.0007130388460669452,0.1,7.35030000032566,7.133400000384427
57.0,1.208595266437565,0.0979656058765014,9.07559273918587e-05,-2.6854953139484206e-05,0.0006774073311633185,0.1,8.051099999647704,7.902800000010757
57.2,1.2281984497357972,0.09806730847762431,8.622040272807087e-05,-2.5514152401382665e-05,0.0006435545691011224,0.1,7.852200000343146,7.647500000530272
57.400000000000006,1.2478214706767239,0.09816392830970584,8.19113403658082e-05,-2.424012265156146e-05,0.0006113920123408223,0.1,7.225800000014715,7.014400000116439
57.6,1.2674633378188207,0.0982557191849246,7.781746057285091e-05,-2.302956252086012e-05,0.0005808354868109422,0.1,6.931600000825711,6.782599999496597
57.800000000000004,1.28712310923175,0.09834292226993865,7.39280416084299e-05,-2.187933057075126e-05,0.0005518049806846227,0.1,7.592199999635341,7.440299999871058
58.0,1.3067998900292168,0.09842576671193075,7.023289265213008e-05,-2.0786438006522505e-05,0.0005242244426870766,0.1,8.002299999134266,7.690000000366126
58.2,1.326492830024018,0.09850447023421223,6.672232797185827e-05,-1.9748041657327207e-05,0.0004980215896015625,0.1,11.245100000451203,10.921900000539608
58.400000000000006,1.3462011214993375,0.09857923970278874,6.338714228477875e-05,-1.8761437221614875e-05,0.00047312772263406375,0.1,8.399199999985285,8.257299999968382
58.6,1.3659239970906119,0.09865027166523758,6.0218587265135865e-05,-1.782405277925812e-05,0.0004494775523033211,0.1,6.713400000080583,6.474900001194328
58.800000000000004,1.3856607277725603,0.09871775286319183,5.720834915338387e-05,-1.693344256325981e-05,0.00042700903151489156,0.1,7.088399999702233,6.804300001022057
59.0,1.4054106209462198,0.09878186071967547,5.434852742175685e-05,-1.6087280989936312e-05,0.00040566319649501254,0.1,6.374500000674743,6.211799998709466
59.2,1.4251730186210767,0.09884276380248107,5.1631614452118974e-05,-1.5283356940514088e-05,0.0003853840152547035,0.1,6.464500000220141,6.316299999525654
59.400000000000006,1.4449472956876157,0.09890062226473154,4.905047618297452e-05,-1.4519568289201017e-05,0.00036611824326800624,0.1,6.624800000281539,6.4806999998836545
59.6,1.4647328582758294,0.09895558826371736,4.65983336837383e-05,-1.3793916668567992e-05,0.00034781528605092065,0.1,6.758999999874504,6.5806000002339715
59.800000000000004,1.484529142195451,0.09900780635905451,4.4268745615463506e-05,-1.3104502468754215e-05,0.0003304270683447314,0.1,6.624100000408362,6.478499999502674
60.0,1.5043356114538664,0.09905741389115977,4.205559153849354e-05,-1.2449520059313419e-05,0.0003139079096043003,0.1,6.449399999837624,6.248600000617444
60.2,1.5241517568478735,0.09910454134099732,3.995305602886492e-05,-1.1827253229183344e-05,0.0002982144055140862,0.1,6.494400000519818,6.366500001604436
60.400000000000006,1.5439770946256215,0.09914931267200547,3.7955613566559185e-05,-1.1236070834617223e-05,0.00028330531525343726,0.1,6.585000000995933,6.373300000632298
60.6,1.5638111652152615,0.09919184565507151,3.6058014160179085e-05,-1.0674422648183663e-05,0.0002691414542505318,0.1,6.4485000002605375,6.308500000159256
60.800000000000004,1.5836535320169953,0.0992322521773827,3.425526967378043e-05,-1.0140835402377437e-05,0.00025568559217146005,0.1,6.622599999900558,6.4627000010659685
61.0,1.6035037802553773,0.09927063853594156,3.254264082311298e-05,-9.633909016724463e-06,0.00024290235589620853,0.1,7.236199999169912,7.078000000547036
61.2,1.6233615158888748,0.09930710571649841,3.09156248097676e-05,-9.152313005140968e-06,0.0002307581372544075,0.1,7.14230000085081,7.00200000028417
61.400000000000006,1.6432263645738445,0.0993417496586167,2.9369943562970625e-05,-8.694783052418109e-06,0.00021922100528890746,0.1,7.701399999859859,7.341700000324636
61.6,1.6630979706802174,0.09937466150755389,2.790153256017664e-05,-8.260117754684156e-06,0.0002082606228371072,0.1,6.582399999388144,6.384000000252854
61.800000000000004,1.6829759963563176,0.0994059278536074,2.6506530198773835e-05,-7.847175515561294e-06,0.0001978481672213213,0.1,6.629500001508859,6.481000000349013
62.0,1.702860120640373,0.09943563095954455,2.518126769238901e-05,-7.454871592757007e-06,0.0001879562548533936,0.1,6.990300000325078,6.637599999521626
62.2,1.7227500386163905,0.09946384897670461,2.392225946653681e-05,-7.082175285830499e-06,0.0001785588695614482,0.1,6.912299999385141,6.770099998902879
62.400000000000006,1.7426454606121853,0.09949065615033391,2.2726194029476716e-05,-6.7281072614752625e-06,0.00016963129446376284,0.1,6.583299998965231,6.443599999329308
62.6,1.7625461114374672,0.09951612301468683,2.158992529514422e-05,-6.391737008393727e-06,0.00016115004721380927,0.1,6.44800000009127,6.289699998887954
62.800000000000004,1.7824517296599818,0.09954031657839985,2.051046433619688e-05,-6.072180416133671e-06,0.0001530928184542007,0.1,6.591299999854527,6.373899999744026
63.0,1.802362066917813,0.09956330050062101,1.9484971546214178e-05,-5.768597471986453e-06,0.000145438413322949,0.1,6.3747000003786525,6.233000000065658
63.2,1.822276887266043,0.09958513525835412,1.8510749190987874e-05,-5.4801900714837885e-06,0.00013816669586384035,0.1,7.241299999805051,6.878300000607851
63.400000000000006,1.8421959665560532,0.09960587830545356,1.7585234329837898e-05,-5.206199935427918e-06,0.00013125853619609597,0.1,6.151200001113466,6.02219999927911
63.6,1.8621190918458406,0.09962558422368487,1.670599208881992e-05,-4.945906629770297e-06,0.0001246957603107726,0.1,5.9249000005365815,5.8030000000144355
63.800000000000004,1.8820460608397995,0.09964430486624569,1.5870709268495382e-05,-4.698625682731132e-06,0.0001184611023630187,0.1,6.4693000003899215,6.351699999868288
64.0,1.9019766813564987,0.09966208949412243,1.5077188269763377e-05,-4.463706795202187e-06,0.00011253815933839321,0.1,6.643400000029942,6.5080000003945315
64.2,1.9219107708230563,0.09967898490563874,1.4323341322059332e-05,-4.240532139087623e-06,0.00010691134797473645,0.1,7.61419999980717,7.463800000550691
64.4,1.9418481557947849,0.09969503555953504,1.3607184999060806e-05,-4.028514739283338e-06,0.00010156586382920052,0.1,6.738999998560757,6.575800000064191
64.60000000000001,1.961788671498844,0.09971028369190198,1.2926835007608638e-05,-3.827096937036119e-06,9.648764238603292e-05,0.1,7.634899999175104,7.259500000145636
64.8,1.9817321614007006,0.09972476942727308,1.2280501236282558e-05,-3.6357489285035655e-06,9.166332210019815e-05,0.1,6.710499999826425,6.546900000103051
65.0,2.001678476792261,0.09973853088416837,1.1666483050880357e-05,-3.4539673753396325e-06,8.7080209283624e-05,0.1,6.755899999916437,6.61249999939173
65.2,2.0216274764005866,0.09975160427536564,1.108316482448183e-05,-3.2812740854936925e-06,8.27262447439388e-05,0.1,6.841400001576403,6.6960000003746245
65.4,2.0415790260161737,0.09976402400316217,1.0529011690453505e-05,-3.117214758241346e-06,7.858997208473874e-05,0.1,6.860599998617545,6.698299999698065
65.60000000000001,2.0615329981398083,0.09977582274987687,1.0002565507344545e-05,-2.961357792568062e-06,7.46605075891954e-05,0.1,6.613199999264907,6.473499999628984
65.8,2.0814892716470785,0.09978703156383022,9.502441025152473e-06,-2.8132931536831336e-06,7.092751160460256e-05,0.1,6.29549999939627,6.148700000267127
66.0,2.1014477314696562,0.09979767994102824,9.027322242896185e-06,-2.672631297590393e-06,6.738116135739908e-05,0.1,6.955199998628814,6.815200000346522
66.2,2.1214082682925124,0.0998077959027639,8.575958948002089e-06,-2.5390021472251304e-06,6.401212512178233e-05,0.1,6.763599998521386,6.611500000872184
66.4,2.1413707782662663,0.09981740606934077,8.147163428527977e-06,-2.4120541206592243e-06,6.081153768077243e-05,0.1,6.748899999365676,6.596299999728217
66.60000000000001,2.16133516273392,0.09982653573011217,7.739807349502539e-06,-2.2914532079462376e-06,5.777097701180039e-05,0.1,7.020900000497932,6.860799998321454
66.8,2.181301327971249,0.09983520891001965,7.352818785272346e-06,-2.1768820929480155e-06,5.48824421353037e-05,0.1,6.899800000610412,6.758200001058867
67.0,2.2012691849401764,0.09984344843280592,6.9851794000603505e-06,-2.0680393201939594e-06,5.213833207165157e-05,0.1,6.575200000952464,6.430299999919953
67.2,2.2212386490544707,0.099851275981068,6.635921769354511e-06,-1.9646385019374626e-06,4.953142584681156e-05,0.1,6.991599999309983,6.849999999758438
67.4,2.2412096399571655,0.09985871215330891,6.304126835116559e-06,-1.8664075659547119e-06,4.7054863499059725e-05,0.1,6.591400000615977,6.447699999625911
67.60000000000001,2.261182081309101,0.09986577651813747,5.988921488075543e-06,-1.7730880403707546e-06,4.470212803291406e-05,0.1,6.48670000009588,6.348900000375579
67.8,2.281155900588038,0.09987248766575832,5.689476270914824e-06,-1.6844343729460385e-06,4.246702827420796e-05,0.1,6.599500000447733,6.462200000896701
68.0,2.3011310288978204,0.09987886325688909,5.405003196157712e-06,-1.6002132874303859e-06,4.03436825857286e-05,0.1,6.613699999434175,6.473699999332894
68.2,2.321107400787072,0.09988492006923119,5.134753673043393e-06,-1.520203168760406e-06,3.8326503390535526e-05,0.1,7.034300000668736,6.883000000016182
68.4,2.3410849540769623,0.09989067404161787,4.878016538099861e-06,-1.4441934805324124e-06,3.641018247312606e-05,0.1,6.398700001227553,6.257900000491645
68.60000000000001,2.361063629697583,0.09989614031595553,4.634116184079822e-06,-1.371984211788421e-06,3.458967701411065e-05,0.1,6.524599999465863,6.395700000211946
68.8,2.3810433715325043,0.0999013332770678,4.40241078240487e-06,-1.3033853505436949e-06,3.286019632162404e-05,0.1,6.336399999781861,6.210600000486011
69.0,2.401024126271102,0.09990626659054795,4.182290594490267e-06,-1.2382163840058305e-06,3.1217189227143526e-05,0.1,6.874200000311248,6.581100000403239
69.2,2.4210058432682717,0.09991095323871911,3.973176367442842e-06,-1.1763058241476057e-06,2.9656332111303053e-05,0.1,7.378800000878982,6.981200000154786
69.4,2.4409884744111534,0.09991540555479632,3.7745178099186866e-06,-1.1174907565748735e-06,2.8173517527298637e-05,0.1,6.731199999194359,6.57370000044466
69.60000000000001,2.46097197399252,0.09991963525534073,3.585792144224223e-06,-1.0616164113199384e-06,2.676484339287437e-05,0.1,6.914499999766122,6.772599999749218
69.8,2.4809562985904976,0.09992365347109158,3.4065027307591794e-06,-1.0085357567579355e-06,2.5426602724663934e-05,0.1,6.584100001418847,6.424700000934536
70.0,2.5009414069542992,0.0999274707762563,3.236177761191811e-06,-9.581091120783e-07,2.4155273882456954e-05,0.1,6.744099999195896,6.599700000151643
70.2,2.5209272598956716,0.09993109721633628,3.0743690170244614e-06,-9.102037797885991e-07,2.2947511303378677e-05,0.1,6.560699999681674,6.41410000025644
70.4,2.540913820185768,0.09993454233456184,2.9206506901721013e-06,-8.646936971823898e-07,2.1800136699266925e-05,0.1,6.936800000403309,6.788799999412731
70.60000000000001,2.560901052457181,0.09993781519700494,2.774618262522718e-06,-8.214591038416789e-07,2.0710130692263936e-05,0.1,8.009300001504016,7.806600000549224
70.8,2.580888923110868,0.09994092441643695,2.6358874414960163e-06,-7.803862275539971e-07,1.96746248713785e-05,0.1,6.8554000008589355,6.695199999739998
71.0,2.600877400227737,0.09994387817499308,2.5040931488017264e-06,-7.413669841300067e-07,1.8690894242893187e-05,0.1,6.632200000240118,6.4872999992076075
71.2,2.6208664534846458,0.09994668424570395,2.37888855977332e-06,-7.04298693620624e-07,1.7756350061025673e-05,0.1,6.862899999759975,6.704800000079558
71.4,2.640856054074608,0.09994935001295037,2.259944190732941e-06,-6.690838095108482e-07,1.686853301480993e-05,0.1,6.463600000643055,6.324699999822769
71.60000000000001,2.6608461746309846,0.0999518824918957,2.146947031998551e-06,-6.356296625215857e-07,1.6025106757667986e-05,0.1,6.6580999991856515,6.502000000182306
71.8,2.6808367891554656,0.0999542883469466,2.0395997241794187e-06,-6.03848216982025e-07,1.5223851759169072e-05,0.1,6.808199999795761,6.671200000710087
72.0,2.7008278729496564,0.09995657390929041,1.9376197757017415e-06,-5.736558383965395e-07,1.4462659463484044e-05,0.1,6.547900000441587,6.4146999993681675
72.2,2.72081940255008,0.0999587451935563,1.840738819434521e-06,-5.449730744095525e-07,1.3739526742423993e-05,0.1,6.524499998704414,6.370799999785959
72.4,2.7408113556664313,0.09996080791364263,1.7487019064894976e-06,-5.177244446131259e-07,1.3052550622345695e-05,0.1,6.449000000429805,6.291899999268935
72.60000000000001,2.7608037111229207,0.09996276749775383,1.6612668353226672e-06,-4.918382431322236e-07,1.2399923278548163e-05,0.1,6.404199999451521,6.257900000491645
72.8,2.7807964488025467,0.09996462910268454,1.5782035143766364e-06,-4.672463487625401e-07,1.1779927275872415e-05,0.1,7.037999999738531,6.80850000026112
73.0,2.8007895495941573,0.0999663976273904,1.4992933565996189e-06,-4.438840467714387e-07,1.1190931051233452e-05,0.1,7.42790000003879,7.237199999508448
73.2,2.8207829953421575,0.0999680777258796,1.4243287042251488e-06,-4.2168985769376114e-07,1.063138461841815e-05,0.1,6.761099999494036,6.607299999814131
73.4,2.8407767687987304,0.09996967381946037,1.3531122823342368e-06,-4.006053762017091e-07,1.00998154906868e-05,0.1,6.181100001413142,6.035599999449914
73.60000000000001,2.860770853578451,0.09997119010837595,1.2854566797028253e-06,-3.805751171872041e-07,9.594824805116747e-06,0.1,6.9145999987085816,6.759399999282323
73.8,2.880765234115165,0.09997263058285773,1.2211838556118088e-06,-3.6154636990465386e-07,9.115083641675837e-06,0.1,6.814899999881163,6.670900000244728
74.0,2.9007598956210243,0.09997399903362567,1.160124671352614e-06,-3.434690586827318e-07,8.659329525534844e-06,0.1,6.62440000087372,6.475700000009965
74.2,2.920754824047574,0.09997529906186406,1.1021184451336115e-06,-3.2629561201656153e-07,8.226363106189626e-06,0.1,6.369100001393235,6.214600000021164
74.4,2.9407500060487806,0.09997653408869818,1.0470125292125188e-06,-3.0998083684476283e-07,7.815044999994944e-06,0.1,7.058099999994738,6.907099999807542
74.60000000000001,2.960745428945913,0.0999777073641972,9.94661908206565e-07,-2.94481799744924e-07,7.424292792344107e-06,0.1,6.660500001089531,6.5194999988307245
74.8,2.9807410806941763,0.09997882197592689,9.449288174974018e-07,-2.797577137155934e-07,7.053078189035513e-06,0.1,6.737499999871943,6.5990000002784654
75.0,3.000736949851014,0.099979880857075,8.976823806810767e-07,-2.6576983149186144e-07,6.700424311059896e-06,0.1,6.656200001089019,6.5108999988297
75.2,3.020733025546,0.09998088679416994,8.527982651427304e-07,-2.5248134295397847e-07,6.36540312265352e-06,0.1,6.479100000433391,6.329899999400368
75.4,3.040729297452226,0.09998184243441374,8.101583549002573e-07,-2.398572783239133e-07,6.04713298978215e-06,0.1,6.89790000069479,6.752500001312001
75.60000000000001,3.060725755759132,0.09998275029264853,7.696504397545686e-07,-2.2786441668576768e-07,5.744776360534465e-06,0.1,6.620299998758128,6.471500000770902
75.8,3.0807223911466837,0.09998361275797427,7.311679199979533e-07,-2.1647119782495247e-07,5.457537559837523e-06,0.1,7.173399999373942,7.0173999993130565
76.0,3.1007191947608495,0.09998443210003599,6.94609525925264e-07,-2.0564763946924345e-07,5.184660696609653e-06,0.1,8.651400001326692,8.385099999941303
76.2,3.1207161581903,0.0999852104749967,6.598790512883726e-07,-1.9536525905279995e-07,4.9254276748641325e-06,0.1,7.618499999807682,7.36259999939648
76.4,3.14071327344427,0.09998594993121103,6.268851001500143e-07,-1.8559699723705528e-07,4.679156301992002e-06,0.1,12.534100000266335,12.155000000348082
76.60000000000001,3.160710532931535,0.09998665241461614,5.955408463808374e-07,-1.7631714840599333e-07,4.445198496505611e-06,0.1,8.53599999936705,8.051099999647704
76.80000000000001,3.18070792944043,0.09998731977385232,5.657638051294195e-07,-1.6750129192587838e-07,4.222938580001361e-06,0.1,7.715099998677033,7.442000000082771
77.0,3.2007054561198736,0.09998795376512777,5.374756157924903e-07,-1.5912622809921694e-07,4.0117916580907124e-06,0.1,9.546100000079605,9.269399999539019
77.2,3.2207031064613387,0.09998855605684041,5.10601835796747e-07,-1.5116991737555616e-07,3.8112020813506105e-06,0.1,7.5213999989500735,7.245400000101654
77.4,3.2407008742817247,0.09998912823396827,4.850717446847031e-07,-1.4361142216587269e-07,3.6206419826249428e-06,0.1,6.700900001305854,6.534300000566873
77.60000000000001,3.260698753707085,0.0999896718022404,4.608181580333133e-07,-1.3643085149479798e-07,3.4396098878912274e-06,0.1,6.580100000064704,6.4264000011462485
77.80000000000001,3.2806967391571713,0.09999018819209957,4.3777725063595924e-07,-1.2960930938962604e-07,3.267629397485665e-06,0.1,7.550000000264845,7.255200000145123
78.0,3.3006948253307478,0.09999067876246627,4.1588838853810873e-07,-1.2312884426302973e-07,3.1042479309181467e-06,0.1,6.708200000502984,6.571800000529038
78.2,3.3206930071916396,0.0999911448043151,3.9509396948856926e-07,-1.1697240236030786e-07,2.949035537299363e-06,0.1,6.16720000107307,6.034800000634277
78.4,3.3406912799554815,0.09999158754407189,3.753392713363331e-07,-1.1112378256892213e-07,2.801583762997159e-06,0.1,6.433299999116571,6.29549999939627
78.60000000000001,3.360689639077126,0.09999200814684117,3.565723080399637e-07,-1.0556759371131536e-07,2.6615045769572746e-06,0.1,6.337699998766766,6.177600000228267
78.80000000000001,3.3806880802386834,0.09999240771947222,3.3874369287920927e-07,-1.0028921409210696e-07,2.52842934979378e-06,0.1,6.116000000474742,5.972200000542216
79.0,3.400686599338157,0.09999278731347204,3.2180650844667105e-07,-9.527475366547648e-08,2.4020078841391923e-06,0.1,6.438999998863437,6.313699999736855
79.2,3.4206851924786514,0.09999314792777206,3.0571618319978753e-07,-9.051101611957772e-08,2.2819074912180355e-06,0.1,6.379099999321625,6.222600000910461
79.4,3.4406838559581163,0.09999349051135725,2.9043037419447624e-07,-8.598546541606619e-08,2.167812117829121e-06,0.1,6.332800001473515,6.197599999723025
79.60000000000001,3.4606825862596025,0.09999381596576336,2.7590885561941165e-07,-8.168619227394093e-08,2.059421513014775e-06,0.1,6.2890999997762265,6.1320999993768055
79.80000000000001,3.480681380042009,0.09999412514744928,2.6211341295670624e-07,-7.760188272085908e-08,1.9564504382256223e-06,0.1,6.361800000377116,6.211400001120637
80.0,3.5007452612510725,0.1007049672284418,-0.0002525674124741196,-0.0029192001237442603,0.0016468321893944433,-0.1,6.597199999305303,6.45289999920351
80.2,3.520843439926238,0.10042291626141563,-0.0008653310862851598,-0.004156031053285624,-0.0029853474561046195,-0.1,6.8518000007316004,6.702399999994668
80.4,3.5407735465416796,0.09905354620773699,-0.0016009839934599342,-0.004338131715770251,-0.008824831205105917,-0.1,7.915000000139116,7.775500000207103
80.60000000000001,3.5603311398523507,0.09669493158255123,-0.0023246764968295596,-0.004017931120948313,-0.014582833011405595,-0.1,6.823699999586097,6.6841999996540835
80.80000000000001,3.5793333054581726,0.09348166238406284,-0.0029745220931723325,-0.003485463776637922,-0.01977328606530864,-0.1,6.805299999541603,6.660699998974451
81.0,3.597623974488824,0.08955669260392839,-0.00352675436699166,-0.0028908459944492412,-0.024207144823208723,-0.1,6.5532999997230945,6.387200000972371
81.2,3.615074623326616,0.08505717443411076,-0.003977125423005077,-0.002309330636322479,-0.02784815893929133,-0.1,6.3527000002068235,6.201899999723537
81.4,3.6315826869373176,0.08010781577833515,-0.004330926145606251,-0.0017758036658382659,-0.03073561173313116,-0.1,6.060499999875901,5.912399999942863
81.60000000000001,3.64706896101706,0.07481851392918498,-0.004597632812987893,-0.001303705464401457,-0.03294215196044977,-0.1,6.215800000063609,6.085399998482899
81.80000000000001,3.661474690901029,0.06928419440881602,-0.004788090802359268,-0.0008954038527907299,-0.03455154547468384,-0.1,6.826000000728527,6.633399998463574
82.0,3.6747587013813625,0.06358571199217357,-0.004913085628999024,-0.0005478398188009381,-0.03564736498569469,-0.1,6.104800000684918,5.946600000243052
82.2,3.6868947336585154,0.05779120021711562,-0.004982665586452341,-0.0002555600975294864,-0.03630761366472171,-0.1,6.12619999992603,5.993699998725788
82.4,3.697869055536596,0.05195754990665969,-0.005005865324366936,-1.231398836626374e-05,-0.03660251254849503,-0.1,6.081899999117013,5.927800000790739
82.60000000000001,3.707678359188106,0.04613185608555345,-0.004990638067631301,0.0001881344003801938,-0.036593936252870635,-0.1,6.322999999611056,6.197400000019115
82.80000000000001,3.7163279351877656,0.04035275852619048,-0.004943891733307998,0.0003516187477773658,-0.0363356710669831,-0.1,6.506400000944268,6.361300000207848
83.0,3.7238300999549727,0.03465164659539693,-0.004871572469296647,0.0004834103724226796,-0.03587405062867681,-0.1,6.396900000254391,6.257000000914559
83.2,3.730202849600531,0.029053722593925777,-0.004778765572078875,0.0005881777139838257,-0.03524873306561586,-0.1,6.320799999230076,6.201799998962088
83.4,3.735468712937558,0.023578930538358377,-0.004669798416005115,0.0006700036255371314,-0.03449349443704532,-0.1,6.112600000051316,5.987500000628643
83.60000000000001,3.7396537779998136,0.01824276116699572,-0.0045483379870147915,0.0007324303807462948,-0.03363698339218057,-0.1,6.903800000145566,6.707599999572267
83.80000000000001,3.7427868687152466,0.013056946415753357,-0.0044174797328295394,0.0007785149303961361,-0.03270340918512786,-0.1,6.487500000730506,6.3347000013891375
84.0,3.744898850971117,0.008030056545890228,-0.004279826715275209,0.0008108856216231669,-0.03171315500177459,-0.1,7.048100000247359,6.896300001244526
84.2,3.746022049835826,0.0031680122989315093,-0.004137559181403498,0.0008317961073180391,-0.030683317296434604,-0.1,6.7889999991166405,6.621300000915653
84.4,3.7461897620503186,-0.001525476692206356,-0.00399249520206744,0.0008431745757172676,-0.02962817603826786,-0.1,6.741600000168546,6.579899998541805
84.60000000000001,3.7454358500183345,-0.006048537249843125,-0.0038461432410308903,0.0008466676943135257,-0.02855960248598512,-0.1,6.530999999085907,6.362599999192753
84.80000000000001,3.743794405399538,-0.010400812982492246,-0.0036997475670337123,0.0008436793042367746,-0.027487411523431607,-0.1,6.309500000497792,6.17699999929755
85.0,3.741299472052697,-0.01458319195005471,-0.0035543273885691954,0.000835404206119425,-0.026419665353021718,-0.1,6.387800000084098,6.2499999985448085
85.2,3.7379848195066327,-0.018597575024510874,-0.0034107105212510857,0.0008228575032876648,-0.02536293481216936,-0.1,6.179199999678531,6.046500000593369
85.4,3.7338837593768406,-0.022446679202794126,-0.0032695623142706912,0.0008068999991414361,-0.024322523937079243,-0.1,6.174699999974109,6.049799998436356
85.60000000000001,3.7290289982179146,-0.026133870913268,-0.0031314104777458787,0.0007882601298281472,-0.02330266274483797,-0.1,6.1772999997629086,6.046700000297278
85.80000000000001,3.7234525212271716,-0.02966302504061185,-0.0029966663726464005,0.0007675528761739228,-0.022306672585514303,-0.1,6.592199999431614,6.349499999487307
86.0,3.7171855020123954,-0.03303840598663383,-0.0028656432519874693,0.0007452960537117151,-0.021337107851173785,-0.1,6.184800000482937,6.048299999747542
86.2,3.7102582343233865,-0.036264567597290465,-0.0027385718768943293,0.0007219243335142636,-0.02039587732478972,-0.1,6.155600000056438,6.0272999999142485
86.4,3.702700082238032,-0.039346269229032046,-0.0026156138738396176,0.0006978013027451602,-0.019484348008213442,-0.1,6.234799999219831,6.102499999542488
86.60000000000001,3.6945394458019725,-0.042288405609626406,-0.002496873149309503,0.000673229833865023,-0.018603433880654052,-0.1,6.4963999993779,6.365200000800542
86.80000000000001,3.68580373955802,-0.045095948477942606,-0.002382405634661988,0.0006484609957401431,-0.017753671702120742,-0.1,6.864700000733137,6.734900000083144
87.0,3.676519381777109,-0.04777389827092361,-0.0022722275962626082,0.0006237017084538381,-0.016935285684301766,-0.1,6.801600000471808,6.642899999860674
87.2,3.6667117925252497,-0.05032724437036144,-0.002166322713407595,0.0005991213161475779,-0.0161482425989104,-0.1,7.7081999988877214,7.556600001407787
87.4,3.6564053989780656,-0.05276093263250386,-0.0020646480984184506,0.0005748572283206799,-0.01539229867553371,-0.1,6.731600000421167,6.570800000190502
87.60000000000001,3.645623646632351,-0.055079839104653236,-0.0019671394090279154,0.0005510197593220079,-0.014667039452975369,-0.1,6.429400000342866,6.281199999648379
87.80000000000001,3.6343890152681664,-0.05728874898880051,-0.0018737151822569645,0.0005276962778554446,-0.013971913585922405,-0.1,6.287599999268423,6.136900001365575
88.0,3.6227230386900007,-0.05939234004646815,-0.001784280500952301,0.0005049547628614703,-0.01330626146902248,-0.1,6.113500001447392,5.964399999356829
88.2,3.610646327425513,-0.06139516975432337,-0.0016987300886185076,0.00048284684878967254,-0.012669339420034509,-0.1,6.221699999514385,6.045000000085565
88.4,3.598178593688868,-0.06330166561936762,-0.0016169509147962453,0.0004614104317707396,-0.012060340059983554,-0.1,6.263799999942421,6.131299998742179
88.60000000000001,3.585338678025643,-0.06511611814784722,-0.0015388243817112002,0.00044067189827128386,-0.011478409438894794,-0.1,6.335199999739416,6.206899999597226
88.80000000000001,3.572144577150363,-0.0668426760353961,-0.0014642281529917145,0.0004206480292669075,-0.010922661378735809,-0.1,6.19619999997667,6.065300000045681
89.0,3.558613472568118,-0.06848534320897492,-0.0013930376767052,0.0004013476255951033,-0.010392189438924733,-0.1,6.362000000081025,6.2254000004031695
89.2,3.5447617596403562,-0.07004797740534784,-0.0013251274476040423,0.00038277289380096724,-0.009886076852712278,-0.1,6.423299999369192,6.2968000002001645
89.4,3.5306050768134947,-0.07153429001737263,-0.0012603720471358075,0.0003649206263198028,-0.009403404733626258,-0.1,6.067399999665213,5.9397999993962
89.60000000000001,3.516158334778883,-0.07294784697933328,-0.0011986469943190056,0.0003477832051216271,-0.008943258808876885,-0.1,6.96339999922202,6.8412000000535045
89.80000000000001,3.5014357453750735,-0.07429207049683847,-0.0011398294358918736,0.00033134945388901826,-0.008504734900238817,-0.1,6.540200000017649,6.394800000634859
90.0,3.486450850079411,-0.07557024145622744,-0.0010837987001024465,0.00031560536029523294,-0.00808694334159385,-0.1,6.428299999242881,6.284600000071805
90.2,3.4712165479665287,-0.0767855023736529,-0.0010304367350328963,0.0003005346869427647,-0.007689012495380156,-0.1,6.240599999728147,6.1023999987810384
90.4,3.455745123037206,-0.07794086076562992,-0.0009796284493613547,0.0002861194869232791,-0.007310091506999599,-0.1,6.424600000173086,6.303199999820208
90.60000000000001,3.4400482708428983,-0.07903919284135705,-0.0009312619708931025,0.00027234053772767775,-0.0069493524162980635,-0.1,7.456199999069213,7.319300000744988
90.80000000000001,3.424137124349662,-0.08008324743296627,-0.0008852288359816811,0.00025917770531058183,-0.006605991728080657,-0.1,6.6781000004993984,6.531099999847356
91.0,3.4080222790006403,-0.08107565009341187,-0.0008414241210595685,0.0002466102484534882,-0.006279231528875153,-0.1,6.974099998842576,6.81579999945825
91.2,3.391713816949234,-0.08201890730329449,-0.0007997465258641425,0.00023461707214848977,-0.005968320224488228,-0.1,6.415099998775986,6.275800000366871
91.4,3.3752213304458487,-0.0829154107378043,-0.0007600984165406233,0.0002231769374921016,-0.005672532961998794,-0.1,6.412999999156455,6.1524999982793815
91.60000000000001,3.358553944370072,-0.08376744155340199,-0.0007223858355978047,0.00021226863452328097,-0.005391171790480156,-0.1,6.275700001424411,6.149300001197844
91.80000000000001,3.3417203379075096,-0.08457717466104017,-0.0006865184846567836,0.00020187112352909077,-0.005123565606704169,-0.1,6.707999998980085,6.569299999682698
92.0,3.324728765376557,-0.08534668295883921,-0.0006524096850440144,0.00019196364955791252,-0.004869069925181332,-0.1,6.462200000896701,6.224699998711003
92.2,3.307587076215309,-0.08607794150232101,-0.0006199763205174318,0.00018252583420547489,-0.00462706650597012,-0.1,7.366499999989173,7.230299999719136
92.4,3.290302734142755,-0.08677283159470625,-0.0005891387657603382,0.00017353774816027383,-0.004396962868612318,-0.1,6.684399999357993,6.532200000947341
92.60000000000001,3.272882835511551,-0.08743314478350363,-0.000559820803717196,0.00016497996749430342,-0.004178191716194893,-0.1,6.857300000774558,6.722399999489426
92.80000000000001,3.2553341268721105,-0.08806058675276397,-0.0005319495343652385,0.0001568336162580189,-0.003970210289812029,-0.1,6.363000000419561,6.205200001204503
93.0,3.237663021769632,-0.08865678110301901,-0.000505455277104842,0.00014908039756587194,-0.0037724996705021585,-0.1,6.020300001182477,5.889699999897857
93.2,3.219875616797048,-0.08922327301314861,-0.00048027146859989424,0.00014170261504708494,-0.0035845640430098315,-0.1,6.447600000683451,6.321199998637894
93.4,3.2019777069278783,-0.08976153278027804,-0.00045633455759876444,0.00013468318625811746,-0.0034059299333752263,-0.1,7.047000000966364,6.886099999974249
93.60000000000001,3.183974800153567,-0.09027295923535668,-0.0004335838980101596,0.00012800564942003993,-0.0032361454303646265,-0.1,6.573599999683211,6.440999999540509
93.80000000000001,3.165872131450268,-0.0907588830333558,-0.00041196164128893815,0.00012165416464868153,-0.0030747793990560882,-0.1,6.1789000010321615,6.0427000007621245
94.0,3.147674676100118,-0.09122056981807959,-0.0003914126290005434,0.00011561351066207131,-0.0029214206934273924,-0.1,6.440499999371241,6.310700000540237
94.2,3.1293871623919847,-0.09165922326245325,-0.0003718842862740546,0.00010986907781262642,-0.0027756773735769335,-0.1,6.723899999997229,6.591299999854527
94.4,3.1110140837264106,-0.09207598798585419,-0.00035332651671886816,0.00010440685815527647,-0.002637175932139109,-0.1,6.188000001202454,6.041900000127498
94.60000000000001,3.0925597101491364,-0.09247195235061861,-0.0003356915992658708,9.921343315832248e-05,-0.002505560533576195,-0.1,6.594000000404776,6.315399999948568
94.80000000000001,3.0740280993370828,-0.0928481511403047,-0.00031893408729696885,9.427595957025095e-05,-0.0023804922692689623,-0.1,6.308500000159256,6.154299999252544
95.0,3.0554231070601587,-0.09320556812264141,-0.00030301071034511475,8.958215387284453e-05,-0.002261648430686611,-0.1,6.625100000746897,6.470299998909468
95.2,3.0367483971416207,-0.09354513850035914,-0.000287880278578034,8.512027568629687e-05,-0.0021487218023837594,-0.1,6.161400000564754,6.030200000168406
95.4,3.0180074509390677,-0.09386775125329211,-0.00027350359022103516,8.0879110428176e-05,-0.0020414199761111446,-0.1,6.642800000918214,6.497700000181794
95.60000000000001,2.9992035763674663,-0.09417425137528117,-0.0002598433420257378,7.684795148499204e-05,-0.0019394646869574195,-0.1,6.506899999294546,6.36329999906593
95.80000000000001,2.980339916484878,-0.0944654420094904,-0.00024686404285120014,7.301658210354068e-05,-0.0018425911721080919,-0.1,6.20600000002014,6.0786999983974965
96.0,2.961419457660841,-0.09474208648580061,-0.00023453193039032902,6.937525718277637e-05,-0.0017505475525603973,-0.1,6.592700001419871,6.4509000003454275
96.2,2.9424450373466216,-0.0950049102639524,-0.00022281489104675103,6.591468510537112e-05,-0.001663094237896182,-0.1,7.335400001466041,7.091600000421749
96.4,2.923419351465823,-0.09525460278609962,-0.0002116823829447012,6.262600973100428e-05,-0.0015800033540530711,-0.1,7.446200001140824,7.068800001434283
96.60000000000001,2.9043449614431074,-0.09549181924239437,-0.00020110536203587603,5.9500792644187357e-05,-0.001501058193873345,-0.1,6.444600001486833,6.29540000045381
96.80000000000001,2.885224300888066,-0.09571718225317016,-0.00019105621125243912,5.653099573426886e-05,-0.0014260526901007293,-0.1,6.7103000001225155,6.562200000189478
97.0,2.8660596819505715,-0.09593128347121942,-0.00018150867264345684,5.370896416746502e-05,-0.0013547909103958453,-0.1,6.494900000689086,6.327900000542286
97.2,2.8468533013632586,-0.09613468510757935,-0.00017243778242288462,5.1027409796830514e-05,-0.001287086573867716,-0.1,6.3950999992812285,6.246199998713564
97.4,2.827607246186094,-0.09632792138415079,-0.0001638198088500226,4.84793950473743e-05,-0.0012227625885637178,-0.1,6.397600000127568,6.213000000570901
97.60000000000001,2.8083234992673507,-0.09651149991637627,-0.00015563219285820066,4.605831729872535e-05,-0.00116165060930997,-0.1,6.318099998679827,6.163800000649644
97.80000000000001,2.789003944434665,-0.09668590302910306,-0.00014785349134373933,4.375789378577603e-05,-0.0011035906152731284,-0.1,6.143300000985619,6.016400000589783
98.0,2.76965037142924,-0.09685158900865093,-0.0001404633230247896,4.157214702512225e-05,-0.0010484305065827512,-0.1,6.159599999591592,6.003500000588247
98.2,2.7502644805956655,-0.09700899329399933,-0.0001334423167782325,3.9495390775887845e-05,-0.0009960257193510928,-0.1,6.789700000808807,6.640599998718244
98.4,2.730847887339248,-0.09715852960989864,-0.00012677206236236474,3.752221653159464e-05,-0.0009462388584091871,-0.1,6.717600001138635,6.570600000486593
98.60000000000001,2.711402126362205,-0.09730059104460527,-0.00012043506343343982,3.56474805424539e-05,-0.0008989393470905374,-0.1,7.1392000008927425,6.9888999987597344
98.80000000000001,2.6919286556895337,-0.09743555107483225,-0.00011441469276478618,3.386629136118281e-05,-0.0008540030933894593,-0.1,6.44800000009127,6.310400000074878
99.0,2.6724288604948736,-0.0975637645404021,-0.00010869514957864801,3.2173997902786586e-05,-0.0008113121718318648,-0.1,6.320500000583706,6.182799999805866
99.2,2.652904056736181,-0.09768556857098581,-0.00010326141890261832,3.056617800797478e-05,-0.0007707545204093967,-0.1,6.547700000737677,6.416299998818431
99.4,2.6333554946105684,-0.0978012834672106,-9.809923286440221e-05,2.9038627498948963e-05,-0.0007322236519407807,-0.1,6.194200001118588,6.064100000003236
99.60000000000001,2.613784361837227,-0.09791121353831994,-9.319503384099723e-05,2.758734971172825e-05,-0.0006956183792364147,-0.1,6.4224999987345655,6.290499999522581
99.80000000000001,2.594191786776912,-0.09801564789847492,-8.853593938077943e-05,2.6208545493093625e-05,-0.0006608425534669926,-0.1,6.3098000009631505,6.185100000948296
